2026-05-03 08:05:02 INFO  Utils:112 - [Utils] MethodGroupsHelper.collectMethodsByGroup() took 1 ms.
2026-05-03 08:05:02 INFO  Utils:112 - [Utils] MethodGroupsHelper.sortMethods() took 5 ms.
2026-05-03 08:05:02 INFO  Utils:112 - [Utils] MethodGroupsHelper.collectMethodsByGroup() took 0 ms.
2026-05-03 08:05:02 INFO  Utils:112 - [Utils] MethodGroupsHelper.sortMethods() took 0 ms.
2026-05-03 08:05:02 INFO  Utils:112 - [Utils] MethodGroupsHelper.collectMethodsByGroup() took 0 ms.
2026-05-03 08:05:02 INFO  Utils:112 - [Utils] MethodGroupsHelper.sortMethods() took 0 ms.
2026-05-03 08:05:02 INFO  Utils:112 - [Utils] MethodGroupsHelper.collectMethodsByGroup() took 0 ms.
2026-05-03 08:05:02 INFO  Utils:112 - [Utils] MethodGroupsHelper.sortMethods() took 0 ms.
2026-05-03 08:05:02 INFO  Utils:112 - [Utils] MethodGroupsHelper.collectMethodsByGroup() took 5 ms.
2026-05-03 08:05:02 INFO  Utils:112 - [Utils] MethodGroupsHelper.sortMethods() took 6 ms.
2026-05-03 08:05:02 INFO  Utils:112 - [Utils] MethodGroupsHelper.collectMethodsByGroup() took 0 ms.
2026-05-03 08:05:02 INFO  Utils:112 - [Utils] MethodGroupsHelper.sortMethods() took 1 ms.
2026-05-03 08:05:02 INFO  Utils:112 - [Utils] MethodGroupsHelper.collectMethodsByGroup() took 0 ms.
2026-05-03 08:05:02 INFO  Utils:112 - [Utils] MethodGroupsHelper.sortMethods() took 0 ms.
2026-05-03 08:05:02 INFO  Utils:112 - [Utils] MethodGroupsHelper.collectMethodsByGroup() took 0 ms.
2026-05-03 08:05:02 INFO  Utils:112 - [Utils] MethodGroupsHelper.sortMethods() took 0 ms.
2026-05-03 08:05:02 INFO  Utils:112 - [Utils] MethodGroupsHelper.collectMethodsByGroup() took 0 ms.
2026-05-03 08:05:02 INFO  Utils:112 - [Utils] MethodGroupsHelper.sortMethods() took 0 ms.
2026-05-03 08:05:02 INFO  Utils:112 - [Utils] MethodGroupsHelper.collectMethodsByGroup() took 0 ms.
2026-05-03 08:05:02 INFO  Utils:112 - [Utils] MethodGroupsHelper.sortMethods() took 0 ms.
2026-05-03 08:05:02 INFO  Utils:112 - [Utils] MethodGroupsHelper.collectMethodsByGroup() took 0 ms.
2026-05-03 08:05:02 INFO  Utils:112 - [Utils] MethodGroupsHelper.sortMethods() took 0 ms.
2026-05-03 08:05:02 INFO  Utils:112 - [Utils] MethodGroupsHelper.collectMethodsByGroup() took 0 ms.
2026-05-03 08:05:02 INFO  Utils:112 - [Utils] MethodGroupsHelper.sortMethods() took 0 ms.
2026-05-03 08:05:02 INFO  Utils:112 - [Utils] MethodGroupsHelper.collectMethodsByGroup() took 0 ms.
2026-05-03 08:05:02 INFO  Utils:112 - [Utils] MethodGroupsHelper.sortMethods() took 0 ms.
2026-05-03 08:05:02 INFO  Utils:112 - [Utils] MethodGroupsHelper.collectMethodsByGroup() took 0 ms.
2026-05-03 08:05:02 INFO  Utils:112 - [Utils] MethodGroupsHelper.sortMethods() took 0 ms.
2026-05-03 08:05:02 INFO  Utils:112 - [Utils] MethodGroupsHelper.collectMethodsByGroup() took 0 ms.
2026-05-03 08:05:02 INFO  Utils:112 - [Utils] MethodGroupsHelper.sortMethods() took 0 ms.
2026-05-03 08:05:02 INFO  Utils:112 - [TestNG] Running:
  C:\Users\mohan\AppData\Local\Temp\testng-eclipse-2046508645\testng-customsuite.xml

2026-05-03 08:05:02 INFO  Utils:112 - [Utils] DynamicGraphHelper.createDynamicGraph() took 4 ms.
2026-05-03 08:05:02 INFO  Utils:112 - [TestNG] Time taken by org.testng.reporters.SuiteHTMLReporter@38f57b3d: 29 ms
2026-05-03 08:05:02 INFO  Utils:112 - [TestNG] Time taken by org.testng.reporters.jq.Main@3faf2e7d: 70 ms
2026-05-03 08:05:02 INFO  Utils:112 - [TestNG] Time taken by org.testng.reporters.FailedReporter@44c79f32: 14 ms
2026-05-03 08:05:02 INFO  Utils:112 - [TestNG] Time taken by org.testng.reporters.XMLReporter@55795845: 13 ms
2026-05-03 08:05:02 INFO  Utils:112 - [TestNG] Time taken by org.testng.reporters.EmailableReporter2@4e76dac: 10 ms
2026-05-03 08:05:02 INFO  Utils:112 - [TestNG] Time taken by org.testng.reporters.JUnitReportReporter@52500920: 13 ms
2026-05-03 08:05:02 INFO  Utils:112 - [TestNG] Time taken by org.testng.internal.ExitCodeListener@117e0fe5: 0 ms
2026-05-03 08:05:43 INFO  Utils:112 - [Utils] MethodGroupsHelper.collectMethodsByGroup() took 1 ms.
2026-05-03 08:05:43 INFO  Utils:112 - [Utils] MethodGroupsHelper.sortMethods() took 1 ms.
2026-05-03 08:05:43 INFO  Utils:112 - [Utils] MethodGroupsHelper.collectMethodsByGroup() took 0 ms.
2026-05-03 08:05:43 INFO  Utils:112 - [Utils] MethodGroupsHelper.sortMethods() took 0 ms.
2026-05-03 08:05:43 INFO  Utils:112 - [Utils] MethodGroupsHelper.collectMethodsByGroup() took 0 ms.
2026-05-03 08:05:43 INFO  Utils:112 - [Utils] MethodGroupsHelper.sortMethods() took 0 ms.
2026-05-03 08:05:43 INFO  Utils:112 - [Utils] MethodGroupsHelper.collectMethodsByGroup() took 0 ms.
2026-05-03 08:05:43 INFO  Utils:112 - [Utils] MethodGroupsHelper.sortMethods() took 0 ms.
2026-05-03 08:05:43 INFO  Utils:112 - [Utils] MethodGroupsHelper.collectMethodsByGroup() took 2 ms.
2026-05-03 08:05:43 INFO  Utils:112 - [Utils] MethodGroupsHelper.sortMethods() took 3 ms.
2026-05-03 08:05:43 INFO  Utils:112 - [Utils] MethodGroupsHelper.collectMethodsByGroup() took 0 ms.
2026-05-03 08:05:43 INFO  Utils:112 - [Utils] MethodGroupsHelper.sortMethods() took 0 ms.
2026-05-03 08:05:43 INFO  Utils:112 - [Utils] MethodGroupsHelper.collectMethodsByGroup() took 0 ms.
2026-05-03 08:05:43 INFO  Utils:112 - [Utils] MethodGroupsHelper.sortMethods() took 0 ms.
2026-05-03 08:05:43 INFO  Utils:112 - [Utils] MethodGroupsHelper.collectMethodsByGroup() took 0 ms.
2026-05-03 08:05:43 INFO  Utils:112 - [Utils] MethodGroupsHelper.sortMethods() took 0 ms.
2026-05-03 08:05:43 INFO  Utils:112 - [Utils] MethodGroupsHelper.collectMethodsByGroup() took 0 ms.
2026-05-03 08:05:43 INFO  Utils:112 - [Utils] MethodGroupsHelper.sortMethods() took 0 ms.
2026-05-03 08:05:43 INFO  Utils:112 - [Utils] MethodGroupsHelper.collectMethodsByGroup() took 0 ms.
2026-05-03 08:05:43 INFO  Utils:112 - [Utils] MethodGroupsHelper.sortMethods() took 0 ms.
2026-05-03 08:05:43 INFO  Utils:112 - [Utils] MethodGroupsHelper.collectMethodsByGroup() took 0 ms.
2026-05-03 08:05:43 INFO  Utils:112 - [Utils] MethodGroupsHelper.sortMethods() took 0 ms.
2026-05-03 08:05:43 INFO  Utils:112 - [Utils] MethodGroupsHelper.collectMethodsByGroup() took 0 ms.
2026-05-03 08:05:43 INFO  Utils:112 - [Utils] MethodGroupsHelper.sortMethods() took 0 ms.
2026-05-03 08:05:43 INFO  Utils:112 - [Utils] MethodGroupsHelper.collectMethodsByGroup() took 0 ms.
2026-05-03 08:05:43 INFO  Utils:112 - [Utils] MethodGroupsHelper.sortMethods() took 0 ms.
2026-05-03 08:05:43 INFO  Utils:112 - [Utils] MethodGroupsHelper.collectMethodsByGroup() took 0 ms.
2026-05-03 08:05:43 INFO  Utils:112 - [Utils] MethodGroupsHelper.sortMethods() took 0 ms.
2026-05-03 08:05:43 INFO  Utils:112 - [Utils] MethodGroupsHelper.collectMethodsByGroup() took 0 ms.
2026-05-03 08:05:43 INFO  Utils:112 - [Utils] MethodGroupsHelper.sortMethods() took 0 ms.
2026-05-03 08:05:43 INFO  Utils:112 - [TestNG] Running:
  C:\Users\mohan\AppData\Local\Temp\testng-eclipse--1607974325\testng-customsuite.xml

2026-05-03 08:05:43 INFO  Utils:112 - [Utils] DynamicGraphHelper.createDynamicGraph() took 4 ms.
2026-05-03 08:05:43 INFO  Utils:112 - [TestNG] Time taken by org.testng.reporters.SuiteHTMLReporter@38f57b3d: 21 ms
2026-05-03 08:05:43 INFO  Utils:112 - [TestNG] Time taken by org.testng.reporters.jq.Main@3faf2e7d: 54 ms
2026-05-03 08:05:43 INFO  Utils:112 - [TestNG] Time taken by org.testng.reporters.FailedReporter@44c79f32: 10 ms
2026-05-03 08:05:44 INFO  Utils:112 - [TestNG] Time taken by org.testng.reporters.XMLReporter@55795845: 12 ms
2026-05-03 08:05:44 INFO  Utils:112 - [TestNG] Time taken by org.testng.reporters.EmailableReporter2@4e76dac: 6 ms
2026-05-03 08:05:44 INFO  Utils:112 - [TestNG] Time taken by org.testng.reporters.JUnitReportReporter@52500920: 9 ms
2026-05-03 08:05:44 INFO  Utils:112 - [TestNG] Time taken by org.testng.internal.ExitCodeListener@117e0fe5: 0 ms
2026-05-03 08:06:36 INFO  Utils:112 - [Utils] MethodGroupsHelper.collectMethodsByGroup() took 1 ms.
2026-05-03 08:06:36 INFO  Utils:112 - [Utils] MethodGroupsHelper.sortMethods() took 0 ms.
2026-05-03 08:06:36 INFO  Utils:112 - [Utils] MethodGroupsHelper.collectMethodsByGroup() took 0 ms.
2026-05-03 08:06:36 INFO  Utils:112 - [Utils] MethodGroupsHelper.sortMethods() took 0 ms.
2026-05-03 08:06:36 INFO  Utils:112 - [Utils] MethodGroupsHelper.collectMethodsByGroup() took 0 ms.
2026-05-03 08:06:36 INFO  Utils:112 - [Utils] MethodGroupsHelper.sortMethods() took 0 ms.
2026-05-03 08:06:36 INFO  Utils:112 - [Utils] MethodGroupsHelper.collectMethodsByGroup() took 0 ms.
2026-05-03 08:06:36 INFO  Utils:112 - [Utils] MethodGroupsHelper.sortMethods() took 0 ms.
2026-05-03 08:06:36 INFO  Utils:112 - [Utils] MethodGroupsHelper.collectMethodsByGroup() took 3 ms.
2026-05-03 08:06:36 INFO  Utils:112 - [Utils] MethodGroupsHelper.sortMethods() took 5 ms.
2026-05-03 08:06:36 INFO  Utils:112 - [Utils] MethodGroupsHelper.collectMethodsByGroup() took 0 ms.
2026-05-03 08:06:36 INFO  Utils:112 - [Utils] MethodGroupsHelper.sortMethods() took 0 ms.
2026-05-03 08:06:36 INFO  Utils:112 - [Utils] MethodGroupsHelper.collectMethodsByGroup() took 0 ms.
2026-05-03 08:06:36 INFO  Utils:112 - [Utils] MethodGroupsHelper.sortMethods() took 0 ms.
2026-05-03 08:06:36 INFO  Utils:112 - [Utils] MethodGroupsHelper.collectMethodsByGroup() took 0 ms.
2026-05-03 08:06:36 INFO  Utils:112 - [Utils] MethodGroupsHelper.sortMethods() took 0 ms.
2026-05-03 08:06:36 INFO  Utils:112 - [Utils] MethodGroupsHelper.collectMethodsByGroup() took 0 ms.
2026-05-03 08:06:36 INFO  Utils:112 - [Utils] MethodGroupsHelper.sortMethods() took 0 ms.
2026-05-03 08:06:36 INFO  Utils:112 - [Utils] MethodGroupsHelper.collectMethodsByGroup() took 0 ms.
2026-05-03 08:06:36 INFO  Utils:112 - [Utils] MethodGroupsHelper.sortMethods() took 0 ms.
2026-05-03 08:06:36 INFO  Utils:112 - [Utils] MethodGroupsHelper.collectMethodsByGroup() took 0 ms.
2026-05-03 08:06:36 INFO  Utils:112 - [Utils] MethodGroupsHelper.sortMethods() took 0 ms.
2026-05-03 08:06:36 INFO  Utils:112 - [Utils] MethodGroupsHelper.collectMethodsByGroup() took 0 ms.
2026-05-03 08:06:36 INFO  Utils:112 - [Utils] MethodGroupsHelper.sortMethods() took 0 ms.
2026-05-03 08:06:36 INFO  Utils:112 - [Utils] MethodGroupsHelper.collectMethodsByGroup() took 0 ms.
2026-05-03 08:06:36 INFO  Utils:112 - [Utils] MethodGroupsHelper.sortMethods() took 0 ms.
2026-05-03 08:06:36 INFO  Utils:112 - [Utils] MethodGroupsHelper.collectMethodsByGroup() took 0 ms.
2026-05-03 08:06:36 INFO  Utils:112 - [Utils] MethodGroupsHelper.sortMethods() took 0 ms.
2026-05-03 08:06:36 INFO  Utils:112 - [Utils] MethodGroupsHelper.collectMethodsByGroup() took 0 ms.
2026-05-03 08:06:36 INFO  Utils:112 - [Utils] MethodGroupsHelper.sortMethods() took 0 ms.
2026-05-03 08:06:36 INFO  Utils:112 - [TestNG] Running:
  C:\Users\mohan\AppData\Local\Temp\testng-eclipse--1549046447\testng-customsuite.xml

2026-05-03 08:06:36 INFO  Utils:112 - [Utils] DynamicGraphHelper.createDynamicGraph() took 6 ms.
2026-05-03 08:06:36 INFO  Utils:112 - [TestNG] Time taken by org.testng.reporters.SuiteHTMLReporter@38f57b3d: 24 ms
2026-05-03 08:06:36 INFO  Utils:112 - [TestNG] Time taken by org.testng.reporters.jq.Main@3faf2e7d: 54 ms
2026-05-03 08:06:36 INFO  Utils:112 - [TestNG] Time taken by org.testng.reporters.FailedReporter@44c79f32: 12 ms
2026-05-03 08:06:36 INFO  Utils:112 - [TestNG] Time taken by org.testng.reporters.XMLReporter@55795845: 10 ms
2026-05-03 08:06:36 INFO  Utils:112 - [TestNG] Time taken by org.testng.reporters.EmailableReporter2@4e76dac: 6 ms
2026-05-03 08:06:36 INFO  Utils:112 - [TestNG] Time taken by org.testng.reporters.JUnitReportReporter@52500920: 7 ms
2026-05-03 08:06:36 INFO  Utils:112 - [TestNG] Time taken by org.testng.internal.ExitCodeListener@117e0fe5: 1 ms
2026-05-03 08:11:23 INFO  Utils:112 - [Utils] MethodGroupsHelper.collectMethodsByGroup() took 0 ms.
2026-05-03 08:11:23 INFO  Utils:112 - [Utils] MethodGroupsHelper.sortMethods() took 1 ms.
2026-05-03 08:11:23 INFO  Utils:112 - [Utils] MethodGroupsHelper.collectMethodsByGroup() took 0 ms.
2026-05-03 08:11:23 INFO  Utils:112 - [Utils] MethodGroupsHelper.sortMethods() took 0 ms.
2026-05-03 08:11:23 INFO  Utils:112 - [Utils] MethodGroupsHelper.collectMethodsByGroup() took 0 ms.
2026-05-03 08:11:23 INFO  Utils:112 - [Utils] MethodGroupsHelper.sortMethods() took 0 ms.
2026-05-03 08:11:23 INFO  Utils:112 - [Utils] MethodGroupsHelper.collectMethodsByGroup() took 0 ms.
2026-05-03 08:11:23 INFO  Utils:112 - [Utils] MethodGroupsHelper.sortMethods() took 0 ms.
2026-05-03 08:11:23 INFO  Utils:112 - [Utils] MethodGroupsHelper.collectMethodsByGroup() took 4 ms.
2026-05-03 08:11:23 INFO  Utils:112 - [Utils] MethodGroupsHelper.sortMethods() took 6 ms.
2026-05-03 08:11:23 INFO  Utils:112 - [Utils] MethodGroupsHelper.collectMethodsByGroup() took 0 ms.
2026-05-03 08:11:23 INFO  Utils:112 - [Utils] MethodGroupsHelper.sortMethods() took 0 ms.
2026-05-03 08:11:23 INFO  Utils:112 - [Utils] MethodGroupsHelper.collectMethodsByGroup() took 0 ms.
2026-05-03 08:11:23 INFO  Utils:112 - [Utils] MethodGroupsHelper.sortMethods() took 0 ms.
2026-05-03 08:11:23 INFO  Utils:112 - [Utils] MethodGroupsHelper.collectMethodsByGroup() took 0 ms.
2026-05-03 08:11:23 INFO  Utils:112 - [Utils] MethodGroupsHelper.sortMethods() took 0 ms.
2026-05-03 08:11:23 INFO  Utils:112 - [Utils] MethodGroupsHelper.collectMethodsByGroup() took 0 ms.
2026-05-03 08:11:23 INFO  Utils:112 - [Utils] MethodGroupsHelper.sortMethods() took 0 ms.
2026-05-03 08:11:23 INFO  Utils:112 - [Utils] MethodGroupsHelper.collectMethodsByGroup() took 0 ms.
2026-05-03 08:11:23 INFO  Utils:112 - [Utils] MethodGroupsHelper.sortMethods() took 0 ms.
2026-05-03 08:11:23 INFO  Utils:112 - [Utils] MethodGroupsHelper.collectMethodsByGroup() took 0 ms.
2026-05-03 08:11:23 INFO  Utils:112 - [Utils] MethodGroupsHelper.sortMethods() took 0 ms.
2026-05-03 08:11:23 INFO  Utils:112 - [Utils] MethodGroupsHelper.collectMethodsByGroup() took 0 ms.
2026-05-03 08:11:23 INFO  Utils:112 - [Utils] MethodGroupsHelper.sortMethods() took 0 ms.
2026-05-03 08:11:23 INFO  Utils:112 - [Utils] MethodGroupsHelper.collectMethodsByGroup() took 0 ms.
2026-05-03 08:11:23 INFO  Utils:112 - [Utils] MethodGroupsHelper.sortMethods() took 0 ms.
2026-05-03 08:11:23 INFO  Utils:112 - [Utils] MethodGroupsHelper.collectMethodsByGroup() took 0 ms.
2026-05-03 08:11:23 INFO  Utils:112 - [Utils] MethodGroupsHelper.sortMethods() took 0 ms.
2026-05-03 08:11:23 INFO  Utils:112 - [Utils] MethodGroupsHelper.collectMethodsByGroup() took 0 ms.
2026-05-03 08:11:23 INFO  Utils:112 - [Utils] MethodGroupsHelper.sortMethods() took 0 ms.
2026-05-03 08:11:23 INFO  Utils:112 - [TestNG] Running:
  C:\Users\mohan\AppData\Local\Temp\testng-eclipse--1621934200\testng-customsuite.xml

2026-05-03 08:11:23 INFO  Utils:112 - [Utils] DynamicGraphHelper.createDynamicGraph() took 3 ms.
2026-05-03 08:11:23 INFO  Utils:112 - [TestNG] Time taken by org.testng.reporters.SuiteHTMLReporter@38f57b3d: 25 ms
2026-05-03 08:11:23 INFO  Utils:112 - [TestNG] Time taken by org.testng.reporters.jq.Main@3faf2e7d: 75 ms
2026-05-03 08:11:23 INFO  Utils:112 - [TestNG] Time taken by org.testng.reporters.FailedReporter@44c79f32: 14 ms
2026-05-03 08:11:23 INFO  Utils:112 - [TestNG] Time taken by org.testng.reporters.XMLReporter@55795845: 12 ms
2026-05-03 08:11:23 INFO  Utils:112 - [TestNG] Time taken by org.testng.reporters.EmailableReporter2@4e76dac: 7 ms
2026-05-03 08:11:23 INFO  Utils:112 - [TestNG] Time taken by org.testng.reporters.JUnitReportReporter@52500920: 8 ms
2026-05-03 08:11:23 INFO  Utils:112 - [TestNG] Time taken by org.testng.internal.ExitCodeListener@117e0fe5: 0 ms
2026-05-03 08:11:57 INFO  Utils:112 - [Utils] MethodGroupsHelper.collectMethodsByGroup() took 1 ms.
2026-05-03 08:11:57 INFO  Utils:112 - [Utils] MethodGroupsHelper.sortMethods() took 1 ms.
2026-05-03 08:11:57 INFO  Utils:112 - [Utils] MethodGroupsHelper.collectMethodsByGroup() took 0 ms.
2026-05-03 08:11:57 INFO  Utils:112 - [Utils] MethodGroupsHelper.sortMethods() took 0 ms.
2026-05-03 08:11:57 INFO  Utils:112 - [Utils] MethodGroupsHelper.collectMethodsByGroup() took 0 ms.
2026-05-03 08:11:57 INFO  Utils:112 - [Utils] MethodGroupsHelper.sortMethods() took 0 ms.
2026-05-03 08:11:57 INFO  Utils:112 - [Utils] MethodGroupsHelper.collectMethodsByGroup() took 0 ms.
2026-05-03 08:11:57 INFO  Utils:112 - [Utils] MethodGroupsHelper.sortMethods() took 0 ms.
2026-05-03 08:11:57 INFO  Utils:112 - [Utils] MethodGroupsHelper.collectMethodsByGroup() took 3 ms.
2026-05-03 08:11:57 INFO  Utils:112 - [Utils] MethodGroupsHelper.sortMethods() took 5 ms.
2026-05-03 08:11:57 INFO  Utils:112 - [Utils] MethodGroupsHelper.collectMethodsByGroup() took 0 ms.
2026-05-03 08:11:57 INFO  Utils:112 - [Utils] MethodGroupsHelper.sortMethods() took 0 ms.
2026-05-03 08:11:57 INFO  Utils:112 - [Utils] MethodGroupsHelper.collectMethodsByGroup() took 0 ms.
2026-05-03 08:11:57 INFO  Utils:112 - [Utils] MethodGroupsHelper.sortMethods() took 0 ms.
2026-05-03 08:11:57 INFO  Utils:112 - [Utils] MethodGroupsHelper.collectMethodsByGroup() took 0 ms.
2026-05-03 08:11:57 INFO  Utils:112 - [Utils] MethodGroupsHelper.sortMethods() took 0 ms.
2026-05-03 08:11:57 INFO  Utils:112 - [Utils] MethodGroupsHelper.collectMethodsByGroup() took 0 ms.
2026-05-03 08:11:57 INFO  Utils:112 - [Utils] MethodGroupsHelper.sortMethods() took 0 ms.
2026-05-03 08:11:57 INFO  Utils:112 - [Utils] MethodGroupsHelper.collectMethodsByGroup() took 0 ms.
2026-05-03 08:11:57 INFO  Utils:112 - [Utils] MethodGroupsHelper.sortMethods() took 0 ms.
2026-05-03 08:11:57 INFO  Utils:112 - [Utils] MethodGroupsHelper.collectMethodsByGroup() took 0 ms.
2026-05-03 08:11:57 INFO  Utils:112 - [Utils] MethodGroupsHelper.sortMethods() took 0 ms.
2026-05-03 08:11:57 INFO  Utils:112 - [Utils] MethodGroupsHelper.collectMethodsByGroup() took 0 ms.
2026-05-03 08:11:57 INFO  Utils:112 - [Utils] MethodGroupsHelper.sortMethods() took 0 ms.
2026-05-03 08:11:57 INFO  Utils:112 - [Utils] MethodGroupsHelper.collectMethodsByGroup() took 1 ms.
2026-05-03 08:11:57 INFO  Utils:112 - [Utils] MethodGroupsHelper.sortMethods() took 0 ms.
2026-05-03 08:11:57 INFO  Utils:112 - [Utils] MethodGroupsHelper.collectMethodsByGroup() took 0 ms.
2026-05-03 08:11:57 INFO  Utils:112 - [Utils] MethodGroupsHelper.sortMethods() took 0 ms.
2026-05-03 08:11:57 INFO  Utils:112 - [Utils] MethodGroupsHelper.collectMethodsByGroup() took 0 ms.
2026-05-03 08:11:57 INFO  Utils:112 - [Utils] MethodGroupsHelper.sortMethods() took 0 ms.
2026-05-03 08:11:57 INFO  Utils:112 - [TestNG] Running:
  C:\Users\mohan\AppData\Local\Temp\testng-eclipse--1964684173\testng-customsuite.xml

2026-05-03 08:11:57 INFO  Utils:112 - [Utils] DynamicGraphHelper.createDynamicGraph() took 5 ms.
2026-05-03 08:11:57 INFO  Utils:112 - [TestNG] Time taken by org.testng.reporters.SuiteHTMLReporter@5ef0d29e: 22 ms
2026-05-03 08:11:57 INFO  Utils:112 - [TestNG] Time taken by org.testng.reporters.jq.Main@ab7a938: 57 ms
2026-05-03 08:11:57 INFO  Utils:112 - [TestNG] Time taken by org.testng.reporters.FailedReporter@6256ac4f: 12 ms
2026-05-03 08:11:57 INFO  Utils:112 - [TestNG] Time taken by org.testng.reporters.XMLReporter@4fe89c24: 9 ms
2026-05-03 08:11:57 INFO  Utils:112 - [TestNG] Time taken by org.testng.reporters.EmailableReporter2@7b139eab: 6 ms
2026-05-03 08:11:57 INFO  Utils:112 - [TestNG] Time taken by org.testng.reporters.JUnitReportReporter@3d8bbcdc: 7 ms
2026-05-03 08:11:57 INFO  Utils:112 - [TestNG] Time taken by org.testng.internal.ExitCodeListener@52500920: 1 ms
2026-05-03 08:14:12 INFO  Utils:112 - [Utils] MethodGroupsHelper.collectMethodsByGroup() took 0 ms.
2026-05-03 08:14:12 INFO  Utils:112 - [Utils] MethodGroupsHelper.sortMethods() took 2 ms.
2026-05-03 08:14:12 INFO  Utils:112 - [Utils] MethodGroupsHelper.collectMethodsByGroup() took 0 ms.
2026-05-03 08:14:12 INFO  Utils:112 - [Utils] MethodGroupsHelper.sortMethods() took 0 ms.
2026-05-03 08:14:12 INFO  Utils:112 - [Utils] MethodGroupsHelper.collectMethodsByGroup() took 0 ms.
2026-05-03 08:14:12 INFO  Utils:112 - [Utils] MethodGroupsHelper.sortMethods() took 0 ms.
2026-05-03 08:14:12 INFO  Utils:112 - [Utils] MethodGroupsHelper.collectMethodsByGroup() took 0 ms.
2026-05-03 08:14:12 INFO  Utils:112 - [Utils] MethodGroupsHelper.sortMethods() took 0 ms.
2026-05-03 08:14:12 INFO  Utils:112 - [Utils] MethodGroupsHelper.collectMethodsByGroup() took 3 ms.
2026-05-03 08:14:12 INFO  Utils:112 - [Utils] MethodGroupsHelper.sortMethods() took 6 ms.
2026-05-03 08:14:12 INFO  Utils:112 - [Utils] MethodGroupsHelper.collectMethodsByGroup() took 0 ms.
2026-05-03 08:14:12 INFO  Utils:112 - [Utils] MethodGroupsHelper.sortMethods() took 0 ms.
2026-05-03 08:14:12 INFO  Utils:112 - [Utils] MethodGroupsHelper.collectMethodsByGroup() took 0 ms.
2026-05-03 08:14:12 INFO  Utils:112 - [Utils] MethodGroupsHelper.sortMethods() took 0 ms.
2026-05-03 08:14:12 INFO  Utils:112 - [Utils] MethodGroupsHelper.collectMethodsByGroup() took 0 ms.
2026-05-03 08:14:12 INFO  Utils:112 - [Utils] MethodGroupsHelper.sortMethods() took 0 ms.
2026-05-03 08:14:12 INFO  Utils:112 - [Utils] MethodGroupsHelper.collectMethodsByGroup() took 0 ms.
2026-05-03 08:14:12 INFO  Utils:112 - [Utils] MethodGroupsHelper.sortMethods() took 0 ms.
2026-05-03 08:14:12 INFO  Utils:112 - [Utils] MethodGroupsHelper.collectMethodsByGroup() took 0 ms.
2026-05-03 08:14:12 INFO  Utils:112 - [Utils] MethodGroupsHelper.sortMethods() took 0 ms.
2026-05-03 08:14:12 INFO  Utils:112 - [Utils] MethodGroupsHelper.collectMethodsByGroup() took 0 ms.
2026-05-03 08:14:12 INFO  Utils:112 - [Utils] MethodGroupsHelper.sortMethods() took 0 ms.
2026-05-03 08:14:12 INFO  Utils:112 - [Utils] MethodGroupsHelper.collectMethodsByGroup() took 0 ms.
2026-05-03 08:14:12 INFO  Utils:112 - [Utils] MethodGroupsHelper.sortMethods() took 0 ms.
2026-05-03 08:14:12 INFO  Utils:112 - [Utils] MethodGroupsHelper.collectMethodsByGroup() took 0 ms.
2026-05-03 08:14:12 INFO  Utils:112 - [Utils] MethodGroupsHelper.sortMethods() took 0 ms.
2026-05-03 08:14:12 INFO  Utils:112 - [Utils] MethodGroupsHelper.collectMethodsByGroup() took 0 ms.
2026-05-03 08:14:12 INFO  Utils:112 - [Utils] MethodGroupsHelper.sortMethods() took 0 ms.
2026-05-03 08:14:12 INFO  Utils:112 - [Utils] MethodGroupsHelper.collectMethodsByGroup() took 0 ms.
2026-05-03 08:14:12 INFO  Utils:112 - [Utils] MethodGroupsHelper.sortMethods() took 0 ms.
2026-05-03 08:14:12 INFO  Utils:112 - [TestNG] Running:
  C:\Users\mohan\AppData\Local\Temp\testng-eclipse--1482442204\testng-customsuite.xml

2026-05-03 08:14:12 INFO  Utils:112 - [Utils] DynamicGraphHelper.createDynamicGraph() took 4 ms.
2026-05-03 08:14:16 INFO  TC001_AccountRegister:17 - ************Test case started****************
2026-05-03 08:14:19 INFO  TC001_AccountRegister:43 - Test passed
2026-05-03 08:14:19 INFO  Utils:112 - [TestNG] Time taken by org.testng.reporters.SuiteHTMLReporter@4e61e4c2: 26 ms
2026-05-03 08:14:19 INFO  Utils:112 - [TestNG] Time taken by org.testng.reporters.jq.Main@ba354ca: 43 ms
2026-05-03 08:14:19 INFO  Utils:112 - [TestNG] Time taken by org.testng.reporters.FailedReporter@4c4f4365: 0 ms
2026-05-03 08:14:19 INFO  Utils:112 - [TestNG] Time taken by org.testng.reporters.XMLReporter@5109e8cf: 4 ms
2026-05-03 08:14:19 INFO  Utils:112 - [TestNG] Time taken by org.testng.reporters.EmailableReporter2@74075134: 4 ms
2026-05-03 08:14:19 INFO  Utils:112 - [TestNG] Time taken by org.testng.reporters.JUnitReportReporter@4682eba5: 3 ms
2026-05-03 08:14:19 INFO  Utils:112 - [TestNG] Time taken by org.testng.internal.ExitCodeListener@6d9fb2d1: 0 ms
2026-05-03 08:15:17 INFO  Utils:112 - [Utils] MethodGroupsHelper.collectMethodsByGroup() took 1 ms.
2026-05-03 08:15:17 INFO  Utils:112 - [Utils] MethodGroupsHelper.sortMethods() took 5 ms.
2026-05-03 08:15:17 INFO  Utils:112 - [Utils] MethodGroupsHelper.collectMethodsByGroup() took 0 ms.
2026-05-03 08:15:17 INFO  Utils:112 - [Utils] MethodGroupsHelper.sortMethods() took 0 ms.
2026-05-03 08:15:17 INFO  Utils:112 - [Utils] MethodGroupsHelper.collectMethodsByGroup() took 0 ms.
2026-05-03 08:15:17 INFO  Utils:112 - [Utils] MethodGroupsHelper.sortMethods() took 0 ms.
2026-05-03 08:15:17 INFO  Utils:112 - [Utils] MethodGroupsHelper.collectMethodsByGroup() took 0 ms.
2026-05-03 08:15:17 INFO  Utils:112 - [Utils] MethodGroupsHelper.sortMethods() took 0 ms.
2026-05-03 08:15:17 INFO  Utils:112 - [Utils] MethodGroupsHelper.collectMethodsByGroup() took 3 ms.
2026-05-03 08:15:17 INFO  Utils:112 - [Utils] MethodGroupsHelper.sortMethods() took 5 ms.
2026-05-03 08:15:17 INFO  Utils:112 - [Utils] MethodGroupsHelper.collectMethodsByGroup() took 0 ms.
2026-05-03 08:15:17 INFO  Utils:112 - [Utils] MethodGroupsHelper.sortMethods() took 0 ms.
2026-05-03 08:15:17 INFO  Utils:112 - [Utils] MethodGroupsHelper.collectMethodsByGroup() took 0 ms.
2026-05-03 08:15:17 INFO  Utils:112 - [Utils] MethodGroupsHelper.sortMethods() took 0 ms.
2026-05-03 08:15:17 INFO  Utils:112 - [Utils] MethodGroupsHelper.collectMethodsByGroup() took 0 ms.
2026-05-03 08:15:17 INFO  Utils:112 - [Utils] MethodGroupsHelper.sortMethods() took 0 ms.
2026-05-03 08:15:17 INFO  Utils:112 - [Utils] MethodGroupsHelper.collectMethodsByGroup() took 0 ms.
2026-05-03 08:15:17 INFO  Utils:112 - [Utils] MethodGroupsHelper.sortMethods() took 0 ms.
2026-05-03 08:15:17 INFO  Utils:112 - [Utils] MethodGroupsHelper.collectMethodsByGroup() took 0 ms.
2026-05-03 08:15:17 INFO  Utils:112 - [Utils] MethodGroupsHelper.sortMethods() took 0 ms.
2026-05-03 08:15:17 INFO  Utils:112 - [Utils] MethodGroupsHelper.collectMethodsByGroup() took 0 ms.
2026-05-03 08:15:17 INFO  Utils:112 - [Utils] MethodGroupsHelper.sortMethods() took 0 ms.
2026-05-03 08:15:17 INFO  Utils:112 - [Utils] MethodGroupsHelper.collectMethodsByGroup() took 0 ms.
2026-05-03 08:15:17 INFO  Utils:112 - [Utils] MethodGroupsHelper.sortMethods() took 0 ms.
2026-05-03 08:15:17 INFO  Utils:112 - [Utils] MethodGroupsHelper.collectMethodsByGroup() took 0 ms.
2026-05-03 08:15:17 INFO  Utils:112 - [Utils] MethodGroupsHelper.sortMethods() took 0 ms.
2026-05-03 08:15:17 INFO  Utils:112 - [Utils] MethodGroupsHelper.collectMethodsByGroup() took 0 ms.
2026-05-03 08:15:17 INFO  Utils:112 - [Utils] MethodGroupsHelper.sortMethods() took 0 ms.
2026-05-03 08:15:17 INFO  Utils:112 - [Utils] MethodGroupsHelper.collectMethodsByGroup() took 0 ms.
2026-05-03 08:15:17 INFO  Utils:112 - [Utils] MethodGroupsHelper.sortMethods() took 0 ms.
2026-05-03 08:15:17 INFO  Utils:112 - [TestNG] Running:
  C:\Users\mohan\AppData\Local\Temp\testng-eclipse-1050283185\testng-customsuite.xml

2026-05-03 08:15:17 INFO  Utils:112 - [Utils] DynamicGraphHelper.createDynamicGraph() took 4 ms.
2026-05-03 08:15:19 INFO  TC001_AccountRegister:17 - ************Test case started****************
2026-05-03 08:15:22 INFO  TC001_AccountRegister:43 - Test passed
2026-05-03 08:15:22 INFO  Utils:112 - [TestNG] Time taken by org.testng.reporters.SuiteHTMLReporter@16ade133: 23 ms
2026-05-03 08:15:22 INFO  Utils:112 - [TestNG] Time taken by org.testng.reporters.jq.Main@5246a3b3: 37 ms
2026-05-03 08:15:22 INFO  Utils:112 - [TestNG] Time taken by org.testng.reporters.FailedReporter@ba354ca: 0 ms
2026-05-03 08:15:22 INFO  Utils:112 - [TestNG] Time taken by org.testng.reporters.XMLReporter@6fd77352: 4 ms
2026-05-03 08:15:22 INFO  Utils:112 - [TestNG] Time taken by org.testng.reporters.EmailableReporter2@b10a26d: 4 ms
2026-05-03 08:15:22 INFO  Utils:112 - [TestNG] Time taken by org.testng.reporters.JUnitReportReporter@8d7b252: 5 ms
2026-05-03 08:15:22 INFO  Utils:112 - [TestNG] Time taken by org.testng.internal.ExitCodeListener@4682eba5: 0 ms
2026-05-03 08:23:34 INFO  Utils:112 - [Utils] MethodGroupsHelper.collectMethodsByGroup() took 0 ms.
2026-05-03 08:23:34 INFO  Utils:112 - [Utils] MethodGroupsHelper.sortMethods() took 2 ms.
2026-05-03 08:23:34 INFO  Utils:112 - [Utils] MethodGroupsHelper.collectMethodsByGroup() took 0 ms.
2026-05-03 08:23:34 INFO  Utils:112 - [Utils] MethodGroupsHelper.sortMethods() took 0 ms.
2026-05-03 08:23:34 INFO  Utils:112 - [Utils] MethodGroupsHelper.collectMethodsByGroup() took 0 ms.
2026-05-03 08:23:34 INFO  Utils:112 - [Utils] MethodGroupsHelper.sortMethods() took 0 ms.
2026-05-03 08:23:34 INFO  Utils:112 - [Utils] MethodGroupsHelper.collectMethodsByGroup() took 0 ms.
2026-05-03 08:23:34 INFO  Utils:112 - [Utils] MethodGroupsHelper.sortMethods() took 0 ms.
2026-05-03 08:23:34 INFO  Utils:112 - [Utils] MethodGroupsHelper.collectMethodsByGroup() took 4 ms.
2026-05-03 08:23:34 INFO  Utils:112 - [Utils] MethodGroupsHelper.sortMethods() took 4 ms.
2026-05-03 08:23:34 INFO  Utils:112 - [Utils] MethodGroupsHelper.collectMethodsByGroup() took 0 ms.
2026-05-03 08:23:34 INFO  Utils:112 - [Utils] MethodGroupsHelper.sortMethods() took 0 ms.
2026-05-03 08:23:34 INFO  Utils:112 - [Utils] MethodGroupsHelper.collectMethodsByGroup() took 0 ms.
2026-05-03 08:23:34 INFO  Utils:112 - [Utils] MethodGroupsHelper.sortMethods() took 0 ms.
2026-05-03 08:23:34 INFO  Utils:112 - [Utils] MethodGroupsHelper.collectMethodsByGroup() took 0 ms.
2026-05-03 08:23:34 INFO  Utils:112 - [Utils] MethodGroupsHelper.sortMethods() took 0 ms.
2026-05-03 08:23:34 INFO  Utils:112 - [Utils] MethodGroupsHelper.collectMethodsByGroup() took 0 ms.
2026-05-03 08:23:34 INFO  Utils:112 - [Utils] MethodGroupsHelper.sortMethods() took 0 ms.
2026-05-03 08:23:34 INFO  Utils:112 - [Utils] MethodGroupsHelper.collectMethodsByGroup() took 0 ms.
2026-05-03 08:23:34 INFO  Utils:112 - [Utils] MethodGroupsHelper.sortMethods() took 0 ms.
2026-05-03 08:23:34 INFO  Utils:112 - [Utils] MethodGroupsHelper.collectMethodsByGroup() took 0 ms.
2026-05-03 08:23:34 INFO  Utils:112 - [Utils] MethodGroupsHelper.sortMethods() took 0 ms.
2026-05-03 08:23:34 INFO  Utils:112 - [Utils] MethodGroupsHelper.collectMethodsByGroup() took 0 ms.
2026-05-03 08:23:34 INFO  Utils:112 - [Utils] MethodGroupsHelper.sortMethods() took 0 ms.
2026-05-03 08:23:34 INFO  Utils:112 - [Utils] MethodGroupsHelper.collectMethodsByGroup() took 0 ms.
2026-05-03 08:23:34 INFO  Utils:112 - [Utils] MethodGroupsHelper.sortMethods() took 0 ms.
2026-05-03 08:23:34 INFO  Utils:112 - [Utils] MethodGroupsHelper.collectMethodsByGroup() took 0 ms.
2026-05-03 08:23:34 INFO  Utils:112 - [Utils] MethodGroupsHelper.sortMethods() took 0 ms.
2026-05-03 08:23:34 INFO  Utils:112 - [Utils] MethodGroupsHelper.collectMethodsByGroup() took 0 ms.
2026-05-03 08:23:34 INFO  Utils:112 - [Utils] MethodGroupsHelper.sortMethods() took 0 ms.
2026-05-03 08:23:34 INFO  Utils:112 - [TestNG] Running:
  C:\Users\mohan\AppData\Local\Temp\testng-eclipse-1757559456\testng-customsuite.xml

2026-05-03 08:23:34 INFO  Utils:112 - [Utils] DynamicGraphHelper.createDynamicGraph() took 4 ms.
2026-05-03 08:24:17 INFO  Utils:112 - [TestNG] Time taken by org.testng.reporters.SuiteHTMLReporter@463561c5: 19 ms
2026-05-03 08:24:17 INFO  Utils:112 - [TestNG] Time taken by org.testng.reporters.jq.Main@4548d254: 48 ms
2026-05-03 08:24:17 INFO  Utils:112 - [TestNG] Time taken by org.testng.reporters.FailedReporter@365cdacf: 13 ms
2026-05-03 08:24:17 INFO  Utils:112 - [TestNG] Time taken by org.testng.reporters.XMLReporter@60bb7995: 8 ms
2026-05-03 08:24:17 INFO  Utils:112 - [TestNG] Time taken by org.testng.reporters.EmailableReporter2@1756f7cc: 9 ms
2026-05-03 08:24:17 INFO  Utils:112 - [TestNG] Time taken by org.testng.reporters.JUnitReportReporter@506aabf6: 6 ms
2026-05-03 08:24:17 INFO  Utils:112 - [TestNG] Time taken by org.testng.internal.ExitCodeListener@5cbd94b2: 0 ms
2026-05-03 08:31:54 INFO  Utils:112 - [Utils] MethodGroupsHelper.collectMethodsByGroup() took 1 ms.
2026-05-03 08:31:54 INFO  Utils:112 - [Utils] MethodGroupsHelper.sortMethods() took 3 ms.
2026-05-03 08:31:54 INFO  Utils:112 - [Utils] MethodGroupsHelper.collectMethodsByGroup() took 0 ms.
2026-05-03 08:31:54 INFO  Utils:112 - [Utils] MethodGroupsHelper.sortMethods() took 0 ms.
2026-05-03 08:31:54 INFO  Utils:112 - [Utils] MethodGroupsHelper.collectMethodsByGroup() took 0 ms.
2026-05-03 08:31:54 INFO  Utils:112 - [Utils] MethodGroupsHelper.sortMethods() took 0 ms.
2026-05-03 08:31:54 INFO  Utils:112 - [Utils] MethodGroupsHelper.collectMethodsByGroup() took 0 ms.
2026-05-03 08:31:54 INFO  Utils:112 - [Utils] MethodGroupsHelper.sortMethods() took 0 ms.
2026-05-03 08:31:54 INFO  Utils:112 - [Utils] MethodGroupsHelper.collectMethodsByGroup() took 2 ms.
2026-05-03 08:31:54 INFO  Utils:112 - [Utils] MethodGroupsHelper.sortMethods() took 7 ms.
2026-05-03 08:31:54 INFO  Utils:112 - [Utils] MethodGroupsHelper.collectMethodsByGroup() took 0 ms.
2026-05-03 08:31:54 INFO  Utils:112 - [Utils] MethodGroupsHelper.sortMethods() took 0 ms.
2026-05-03 08:31:54 INFO  Utils:112 - [Utils] MethodGroupsHelper.collectMethodsByGroup() took 0 ms.
2026-05-03 08:31:54 INFO  Utils:112 - [Utils] MethodGroupsHelper.sortMethods() took 0 ms.
2026-05-03 08:31:54 INFO  Utils:112 - [Utils] MethodGroupsHelper.collectMethodsByGroup() took 0 ms.
2026-05-03 08:31:54 INFO  Utils:112 - [Utils] MethodGroupsHelper.sortMethods() took 0 ms.
2026-05-03 08:31:54 INFO  Utils:112 - [Utils] MethodGroupsHelper.collectMethodsByGroup() took 0 ms.
2026-05-03 08:31:54 INFO  Utils:112 - [Utils] MethodGroupsHelper.sortMethods() took 0 ms.
2026-05-03 08:31:54 INFO  Utils:112 - [Utils] MethodGroupsHelper.collectMethodsByGroup() took 0 ms.
2026-05-03 08:31:54 INFO  Utils:112 - [Utils] MethodGroupsHelper.sortMethods() took 0 ms.
2026-05-03 08:31:54 INFO  Utils:112 - [Utils] MethodGroupsHelper.collectMethodsByGroup() took 0 ms.
2026-05-03 08:31:54 INFO  Utils:112 - [Utils] MethodGroupsHelper.sortMethods() took 0 ms.
2026-05-03 08:31:54 INFO  Utils:112 - [Utils] MethodGroupsHelper.collectMethodsByGroup() took 0 ms.
2026-05-03 08:31:54 INFO  Utils:112 - [Utils] MethodGroupsHelper.sortMethods() took 0 ms.
2026-05-03 08:31:54 INFO  Utils:112 - [Utils] MethodGroupsHelper.collectMethodsByGroup() took 1 ms.
2026-05-03 08:31:54 INFO  Utils:112 - [Utils] MethodGroupsHelper.sortMethods() took 0 ms.
2026-05-03 08:31:54 INFO  Utils:112 - [Utils] MethodGroupsHelper.collectMethodsByGroup() took 0 ms.
2026-05-03 08:31:54 INFO  Utils:112 - [Utils] MethodGroupsHelper.sortMethods() took 0 ms.
2026-05-03 08:31:54 INFO  Utils:112 - [Utils] MethodGroupsHelper.collectMethodsByGroup() took 0 ms.
2026-05-03 08:31:54 INFO  Utils:112 - [Utils] MethodGroupsHelper.sortMethods() took 0 ms.
2026-05-03 08:31:54 INFO  Utils:112 - [TestNG] Running:
  C:\Users\mohan\AppData\Local\Temp\testng-eclipse--1497126724\testng-customsuite.xml

2026-05-03 08:31:54 INFO  Utils:112 - [Utils] DynamicGraphHelper.createDynamicGraph() took 4 ms.
2026-05-03 08:32:38 INFO  Utils:112 - [TestNG] Time taken by org.testng.reporters.SuiteHTMLReporter@659feb22: 23 ms
2026-05-03 08:32:39 INFO  Utils:112 - [TestNG] Time taken by org.testng.reporters.jq.Main@590f0c50: 62 ms
2026-05-03 08:32:39 INFO  Utils:112 - [TestNG] Time taken by org.testng.reporters.FailedReporter@303c55fa: 14 ms
2026-05-03 08:32:39 INFO  Utils:112 - [TestNG] Time taken by org.testng.reporters.XMLReporter@40fa8766: 12 ms
2026-05-03 08:32:39 INFO  Utils:112 - [TestNG] Time taken by org.testng.reporters.EmailableReporter2@3138953b: 8 ms
2026-05-03 08:32:39 INFO  Utils:112 - [TestNG] Time taken by org.testng.reporters.JUnitReportReporter@5cbd94b2: 8 ms
2026-05-03 08:32:39 INFO  Utils:112 - [TestNG] Time taken by org.testng.internal.ExitCodeListener@6824b913: 0 ms
2026-05-03 08:33:27 INFO  Utils:112 - [Utils] MethodGroupsHelper.collectMethodsByGroup() took 1 ms.
2026-05-03 08:33:27 INFO  Utils:112 - [Utils] MethodGroupsHelper.sortMethods() took 1 ms.
2026-05-03 08:33:27 INFO  Utils:112 - [Utils] MethodGroupsHelper.collectMethodsByGroup() took 0 ms.
2026-05-03 08:33:27 INFO  Utils:112 - [Utils] MethodGroupsHelper.sortMethods() took 0 ms.
2026-05-03 08:33:27 INFO  Utils:112 - [Utils] MethodGroupsHelper.collectMethodsByGroup() took 0 ms.
2026-05-03 08:33:27 INFO  Utils:112 - [Utils] MethodGroupsHelper.sortMethods() took 0 ms.
2026-05-03 08:33:27 INFO  Utils:112 - [Utils] MethodGroupsHelper.collectMethodsByGroup() took 0 ms.
2026-05-03 08:33:27 INFO  Utils:112 - [Utils] MethodGroupsHelper.sortMethods() took 0 ms.
2026-05-03 08:33:27 INFO  Utils:112 - [Utils] MethodGroupsHelper.collectMethodsByGroup() took 4 ms.
2026-05-03 08:33:27 INFO  Utils:112 - [Utils] MethodGroupsHelper.sortMethods() took 10 ms.
2026-05-03 08:33:27 INFO  Utils:112 - [Utils] MethodGroupsHelper.collectMethodsByGroup() took 0 ms.
2026-05-03 08:33:27 INFO  Utils:112 - [Utils] MethodGroupsHelper.sortMethods() took 0 ms.
2026-05-03 08:33:27 INFO  Utils:112 - [Utils] MethodGroupsHelper.collectMethodsByGroup() took 0 ms.
2026-05-03 08:33:27 INFO  Utils:112 - [Utils] MethodGroupsHelper.sortMethods() took 0 ms.
2026-05-03 08:33:27 INFO  Utils:112 - [Utils] MethodGroupsHelper.collectMethodsByGroup() took 0 ms.
2026-05-03 08:33:27 INFO  Utils:112 - [Utils] MethodGroupsHelper.sortMethods() took 0 ms.
2026-05-03 08:33:27 INFO  Utils:112 - [Utils] MethodGroupsHelper.collectMethodsByGroup() took 0 ms.
2026-05-03 08:33:27 INFO  Utils:112 - [Utils] MethodGroupsHelper.sortMethods() took 0 ms.
2026-05-03 08:33:27 INFO  Utils:112 - [Utils] MethodGroupsHelper.collectMethodsByGroup() took 0 ms.
2026-05-03 08:33:27 INFO  Utils:112 - [Utils] MethodGroupsHelper.sortMethods() took 0 ms.
2026-05-03 08:33:27 INFO  Utils:112 - [Utils] MethodGroupsHelper.collectMethodsByGroup() took 0 ms.
2026-05-03 08:33:27 INFO  Utils:112 - [Utils] MethodGroupsHelper.sortMethods() took 0 ms.
2026-05-03 08:33:27 INFO  Utils:112 - [Utils] MethodGroupsHelper.collectMethodsByGroup() took 0 ms.
2026-05-03 08:33:27 INFO  Utils:112 - [Utils] MethodGroupsHelper.sortMethods() took 0 ms.
2026-05-03 08:33:27 INFO  Utils:112 - [Utils] MethodGroupsHelper.collectMethodsByGroup() took 0 ms.
2026-05-03 08:33:27 INFO  Utils:112 - [Utils] MethodGroupsHelper.sortMethods() took 0 ms.
2026-05-03 08:33:27 INFO  Utils:112 - [Utils] MethodGroupsHelper.collectMethodsByGroup() took 0 ms.
2026-05-03 08:33:27 INFO  Utils:112 - [Utils] MethodGroupsHelper.sortMethods() took 0 ms.
2026-05-03 08:33:27 INFO  Utils:112 - [Utils] MethodGroupsHelper.collectMethodsByGroup() took 0 ms.
2026-05-03 08:33:27 INFO  Utils:112 - [Utils] MethodGroupsHelper.sortMethods() took 0 ms.
2026-05-03 08:33:27 INFO  Utils:112 - [TestNG] Running:
  C:\Users\mohan\AppData\Local\Temp\testng-eclipse--765780362\testng-customsuite.xml

2026-05-03 08:33:27 INFO  Utils:112 - [Utils] DynamicGraphHelper.createDynamicGraph() took 3 ms.
2026-05-03 08:34:11 INFO  Utils:112 - [TestNG] Time taken by org.testng.reporters.SuiteHTMLReporter@659feb22: 19 ms
2026-05-03 08:34:11 INFO  Utils:112 - [TestNG] Time taken by org.testng.reporters.jq.Main@590f0c50: 45 ms
2026-05-03 08:34:11 INFO  Utils:112 - [TestNG] Time taken by org.testng.reporters.FailedReporter@303c55fa: 10 ms
2026-05-03 08:34:11 INFO  Utils:112 - [TestNG] Time taken by org.testng.reporters.XMLReporter@40fa8766: 10 ms
2026-05-03 08:34:11 INFO  Utils:112 - [TestNG] Time taken by org.testng.reporters.EmailableReporter2@3138953b: 6 ms
2026-05-03 08:34:11 INFO  Utils:112 - [TestNG] Time taken by org.testng.reporters.JUnitReportReporter@5cbd94b2: 9 ms
2026-05-03 08:34:11 INFO  Utils:112 - [TestNG] Time taken by org.testng.internal.ExitCodeListener@6824b913: 1 ms
2026-05-03 08:35:51 INFO  Utils:112 - [Utils] MethodGroupsHelper.collectMethodsByGroup() took 0 ms.
2026-05-03 08:35:51 INFO  Utils:112 - [Utils] MethodGroupsHelper.sortMethods() took 1 ms.
2026-05-03 08:35:51 INFO  Utils:112 - [Utils] MethodGroupsHelper.collectMethodsByGroup() took 0 ms.
2026-05-03 08:35:51 INFO  Utils:112 - [Utils] MethodGroupsHelper.sortMethods() took 0 ms.
2026-05-03 08:35:51 INFO  Utils:112 - [Utils] MethodGroupsHelper.collectMethodsByGroup() took 0 ms.
2026-05-03 08:35:51 INFO  Utils:112 - [Utils] MethodGroupsHelper.sortMethods() took 0 ms.
2026-05-03 08:35:51 INFO  Utils:112 - [Utils] MethodGroupsHelper.collectMethodsByGroup() took 0 ms.
2026-05-03 08:35:51 INFO  Utils:112 - [Utils] MethodGroupsHelper.sortMethods() took 0 ms.
2026-05-03 08:35:51 INFO  Utils:112 - [Utils] MethodGroupsHelper.collectMethodsByGroup() took 3 ms.
2026-05-03 08:35:51 INFO  Utils:112 - [Utils] MethodGroupsHelper.sortMethods() took 5 ms.
2026-05-03 08:35:51 INFO  Utils:112 - [Utils] MethodGroupsHelper.collectMethodsByGroup() took 0 ms.
2026-05-03 08:35:51 INFO  Utils:112 - [Utils] MethodGroupsHelper.sortMethods() took 0 ms.
2026-05-03 08:35:51 INFO  Utils:112 - [Utils] MethodGroupsHelper.collectMethodsByGroup() took 0 ms.
2026-05-03 08:35:51 INFO  Utils:112 - [Utils] MethodGroupsHelper.sortMethods() took 0 ms.
2026-05-03 08:35:51 INFO  Utils:112 - [Utils] MethodGroupsHelper.collectMethodsByGroup() took 0 ms.
2026-05-03 08:35:51 INFO  Utils:112 - [Utils] MethodGroupsHelper.sortMethods() took 0 ms.
2026-05-03 08:35:51 INFO  Utils:112 - [Utils] MethodGroupsHelper.collectMethodsByGroup() took 0 ms.
2026-05-03 08:35:51 INFO  Utils:112 - [Utils] MethodGroupsHelper.sortMethods() took 0 ms.
2026-05-03 08:35:51 INFO  Utils:112 - [Utils] MethodGroupsHelper.collectMethodsByGroup() took 0 ms.
2026-05-03 08:35:51 INFO  Utils:112 - [Utils] MethodGroupsHelper.sortMethods() took 0 ms.
2026-05-03 08:35:51 INFO  Utils:112 - [Utils] MethodGroupsHelper.collectMethodsByGroup() took 0 ms.
2026-05-03 08:35:51 INFO  Utils:112 - [Utils] MethodGroupsHelper.sortMethods() took 0 ms.
2026-05-03 08:35:51 INFO  Utils:112 - [Utils] MethodGroupsHelper.collectMethodsByGroup() took 0 ms.
2026-05-03 08:35:51 INFO  Utils:112 - [Utils] MethodGroupsHelper.sortMethods() took 0 ms.
2026-05-03 08:35:51 INFO  Utils:112 - [Utils] MethodGroupsHelper.collectMethodsByGroup() took 0 ms.
2026-05-03 08:35:51 INFO  Utils:112 - [Utils] MethodGroupsHelper.sortMethods() took 0 ms.
2026-05-03 08:35:51 INFO  Utils:112 - [Utils] MethodGroupsHelper.collectMethodsByGroup() took 0 ms.
2026-05-03 08:35:51 INFO  Utils:112 - [Utils] MethodGroupsHelper.sortMethods() took 0 ms.
2026-05-03 08:35:51 INFO  Utils:112 - [Utils] MethodGroupsHelper.collectMethodsByGroup() took 0 ms.
2026-05-03 08:35:51 INFO  Utils:112 - [Utils] MethodGroupsHelper.sortMethods() took 0 ms.
2026-05-03 08:35:51 INFO  Utils:112 - [TestNG] Running:
  C:\Users\mohan\AppData\Local\Temp\testng-eclipse--1093019430\testng-customsuite.xml

2026-05-03 08:35:51 INFO  Utils:112 - [Utils] DynamicGraphHelper.createDynamicGraph() took 3 ms.
2026-05-03 08:36:44 INFO  Utils:112 - [TestNG] Time taken by org.testng.reporters.SuiteHTMLReporter@40d60f2: 21 ms
2026-05-03 08:36:44 INFO  Utils:112 - [TestNG] Time taken by org.testng.reporters.jq.Main@34c70b5e: 41 ms
2026-05-03 08:36:44 INFO  Utils:112 - [TestNG] Time taken by org.testng.reporters.FailedReporter@4a8a0099: 13 ms
2026-05-03 08:36:44 INFO  Utils:112 - [TestNG] Time taken by org.testng.reporters.XMLReporter@777d0bc3: 9 ms
2026-05-03 08:36:44 INFO  Utils:112 - [TestNG] Time taken by org.testng.reporters.EmailableReporter2@695c938d: 6 ms
2026-05-03 08:36:44 INFO  Utils:112 - [TestNG] Time taken by org.testng.reporters.JUnitReportReporter@1fedf0a4: 7 ms
2026-05-03 08:36:44 INFO  Utils:112 - [TestNG] Time taken by org.testng.internal.ExitCodeListener@1e4c6583: 0 ms
2026-05-03 08:37:59 INFO  Utils:112 - [Utils] MethodGroupsHelper.collectMethodsByGroup() took 1 ms.
2026-05-03 08:37:59 INFO  Utils:112 - [Utils] MethodGroupsHelper.sortMethods() took 0 ms.
2026-05-03 08:37:59 INFO  Utils:112 - [Utils] MethodGroupsHelper.collectMethodsByGroup() took 0 ms.
2026-05-03 08:37:59 INFO  Utils:112 - [Utils] MethodGroupsHelper.sortMethods() took 0 ms.
2026-05-03 08:37:59 INFO  Utils:112 - [Utils] MethodGroupsHelper.collectMethodsByGroup() took 0 ms.
2026-05-03 08:37:59 INFO  Utils:112 - [Utils] MethodGroupsHelper.sortMethods() took 0 ms.
2026-05-03 08:37:59 INFO  Utils:112 - [Utils] MethodGroupsHelper.collectMethodsByGroup() took 0 ms.
2026-05-03 08:37:59 INFO  Utils:112 - [Utils] MethodGroupsHelper.sortMethods() took 0 ms.
2026-05-03 08:37:59 INFO  Utils:112 - [Utils] MethodGroupsHelper.collectMethodsByGroup() took 3 ms.
2026-05-03 08:37:59 INFO  Utils:112 - [Utils] MethodGroupsHelper.sortMethods() took 4 ms.
2026-05-03 08:37:59 INFO  Utils:112 - [Utils] MethodGroupsHelper.collectMethodsByGroup() took 0 ms.
2026-05-03 08:37:59 INFO  Utils:112 - [Utils] MethodGroupsHelper.sortMethods() took 0 ms.
2026-05-03 08:37:59 INFO  Utils:112 - [Utils] MethodGroupsHelper.collectMethodsByGroup() took 0 ms.
2026-05-03 08:37:59 INFO  Utils:112 - [Utils] MethodGroupsHelper.sortMethods() took 0 ms.
2026-05-03 08:37:59 INFO  Utils:112 - [Utils] MethodGroupsHelper.collectMethodsByGroup() took 0 ms.
2026-05-03 08:37:59 INFO  Utils:112 - [Utils] MethodGroupsHelper.sortMethods() took 0 ms.
2026-05-03 08:37:59 INFO  Utils:112 - [Utils] MethodGroupsHelper.collectMethodsByGroup() took 0 ms.
2026-05-03 08:37:59 INFO  Utils:112 - [Utils] MethodGroupsHelper.sortMethods() took 0 ms.
2026-05-03 08:37:59 INFO  Utils:112 - [Utils] MethodGroupsHelper.collectMethodsByGroup() took 0 ms.
2026-05-03 08:37:59 INFO  Utils:112 - [Utils] MethodGroupsHelper.sortMethods() took 0 ms.
2026-05-03 08:37:59 INFO  Utils:112 - [Utils] MethodGroupsHelper.collectMethodsByGroup() took 0 ms.
2026-05-03 08:37:59 INFO  Utils:112 - [Utils] MethodGroupsHelper.sortMethods() took 0 ms.
2026-05-03 08:37:59 INFO  Utils:112 - [Utils] MethodGroupsHelper.collectMethodsByGroup() took 0 ms.
2026-05-03 08:37:59 INFO  Utils:112 - [Utils] MethodGroupsHelper.sortMethods() took 0 ms.
2026-05-03 08:37:59 INFO  Utils:112 - [Utils] MethodGroupsHelper.collectMethodsByGroup() took 0 ms.
2026-05-03 08:37:59 INFO  Utils:112 - [Utils] MethodGroupsHelper.sortMethods() took 0 ms.
2026-05-03 08:37:59 INFO  Utils:112 - [Utils] MethodGroupsHelper.collectMethodsByGroup() took 0 ms.
2026-05-03 08:37:59 INFO  Utils:112 - [Utils] MethodGroupsHelper.sortMethods() took 0 ms.
2026-05-03 08:37:59 INFO  Utils:112 - [Utils] MethodGroupsHelper.collectMethodsByGroup() took 0 ms.
2026-05-03 08:37:59 INFO  Utils:112 - [Utils] MethodGroupsHelper.sortMethods() took 0 ms.
2026-05-03 08:37:59 INFO  Utils:112 - [TestNG] Running:
  C:\Users\mohan\AppData\Local\Temp\testng-eclipse--766951577\testng-customsuite.xml

2026-05-03 08:37:59 INFO  Utils:112 - [Utils] DynamicGraphHelper.createDynamicGraph() took 2 ms.
2026-05-03 08:38:51 INFO  Utils:112 - [TestNG] Time taken by org.testng.reporters.SuiteHTMLReporter@40d60f2: 18 ms
2026-05-03 08:38:51 INFO  Utils:112 - [TestNG] Time taken by org.testng.reporters.jq.Main@34c70b5e: 40 ms
2026-05-03 08:38:51 INFO  Utils:112 - [TestNG] Time taken by org.testng.reporters.FailedReporter@4a8a0099: 14 ms
2026-05-03 08:38:51 INFO  Utils:112 - [TestNG] Time taken by org.testng.reporters.XMLReporter@777d0bc3: 11 ms
2026-05-03 08:38:51 INFO  Utils:112 - [TestNG] Time taken by org.testng.reporters.EmailableReporter2@695c938d: 8 ms
2026-05-03 08:38:51 INFO  Utils:112 - [TestNG] Time taken by org.testng.reporters.JUnitReportReporter@1fedf0a4: 8 ms
2026-05-03 08:38:51 INFO  Utils:112 - [TestNG] Time taken by org.testng.internal.ExitCodeListener@1e4c6583: 0 ms
2026-05-03 08:50:15 INFO  Utils:112 - [Utils] MethodGroupsHelper.collectMethodsByGroup() took 0 ms.
2026-05-03 08:50:15 INFO  Utils:112 - [Utils] MethodGroupsHelper.sortMethods() took 6 ms.
2026-05-03 08:50:15 INFO  Utils:112 - [Utils] MethodGroupsHelper.collectMethodsByGroup() took 0 ms.
2026-05-03 08:50:15 INFO  Utils:112 - [Utils] MethodGroupsHelper.sortMethods() took 0 ms.
2026-05-03 08:50:15 INFO  Utils:112 - [Utils] MethodGroupsHelper.collectMethodsByGroup() took 0 ms.
2026-05-03 08:50:15 INFO  Utils:112 - [Utils] MethodGroupsHelper.sortMethods() took 0 ms.
2026-05-03 08:50:15 INFO  Utils:112 - [Utils] MethodGroupsHelper.collectMethodsByGroup() took 0 ms.
2026-05-03 08:50:15 INFO  Utils:112 - [Utils] MethodGroupsHelper.sortMethods() took 0 ms.
2026-05-03 08:50:15 INFO  Utils:112 - [Utils] MethodGroupsHelper.collectMethodsByGroup() took 4 ms.
2026-05-03 08:50:15 INFO  Utils:112 - [Utils] MethodGroupsHelper.sortMethods() took 6 ms.
2026-05-03 08:50:15 INFO  Utils:112 - [Utils] MethodGroupsHelper.collectMethodsByGroup() took 0 ms.
2026-05-03 08:50:15 INFO  Utils:112 - [Utils] MethodGroupsHelper.sortMethods() took 0 ms.
2026-05-03 08:50:15 INFO  Utils:112 - [Utils] MethodGroupsHelper.collectMethodsByGroup() took 0 ms.
2026-05-03 08:50:15 INFO  Utils:112 - [Utils] MethodGroupsHelper.sortMethods() took 0 ms.
2026-05-03 08:50:15 INFO  Utils:112 - [Utils] MethodGroupsHelper.collectMethodsByGroup() took 0 ms.
2026-05-03 08:50:15 INFO  Utils:112 - [Utils] MethodGroupsHelper.sortMethods() took 0 ms.
2026-05-03 08:50:15 INFO  Utils:112 - [Utils] MethodGroupsHelper.collectMethodsByGroup() took 0 ms.
2026-05-03 08:50:15 INFO  Utils:112 - [Utils] MethodGroupsHelper.sortMethods() took 0 ms.
2026-05-03 08:50:15 INFO  Utils:112 - [Utils] MethodGroupsHelper.collectMethodsByGroup() took 0 ms.
2026-05-03 08:50:15 INFO  Utils:112 - [Utils] MethodGroupsHelper.sortMethods() took 0 ms.
2026-05-03 08:50:15 INFO  Utils:112 - [Utils] MethodGroupsHelper.collectMethodsByGroup() took 0 ms.
2026-05-03 08:50:15 INFO  Utils:112 - [Utils] MethodGroupsHelper.sortMethods() took 0 ms.
2026-05-03 08:50:15 INFO  Utils:112 - [Utils] MethodGroupsHelper.collectMethodsByGroup() took 0 ms.
2026-05-03 08:50:15 INFO  Utils:112 - [Utils] MethodGroupsHelper.sortMethods() took 0 ms.
2026-05-03 08:50:15 INFO  Utils:112 - [Utils] MethodGroupsHelper.collectMethodsByGroup() took 1 ms.
2026-05-03 08:50:15 INFO  Utils:112 - [Utils] MethodGroupsHelper.sortMethods() took 0 ms.
2026-05-03 08:50:15 INFO  Utils:112 - [Utils] MethodGroupsHelper.collectMethodsByGroup() took 0 ms.
2026-05-03 08:50:15 INFO  Utils:112 - [Utils] MethodGroupsHelper.sortMethods() took 0 ms.
2026-05-03 08:50:15 INFO  Utils:112 - [Utils] MethodGroupsHelper.collectMethodsByGroup() took 0 ms.
2026-05-03 08:50:15 INFO  Utils:112 - [Utils] MethodGroupsHelper.sortMethods() took 0 ms.
2026-05-03 08:50:15 INFO  Utils:112 - [TestNG] Running:
  C:\Users\mohan\AppData\Local\Temp\testng-eclipse--1494273662\testng-customsuite.xml

2026-05-03 08:50:15 INFO  Utils:112 - [Utils] DynamicGraphHelper.createDynamicGraph() took 2 ms.
2026-05-03 08:51:14 INFO  Utils:112 - [TestNG] Time taken by org.testng.reporters.SuiteHTMLReporter@4aa11206: 19 ms
2026-05-03 08:51:14 INFO  Utils:112 - [TestNG] Time taken by org.testng.reporters.jq.Main@4a3bd45b: 42 ms
2026-05-03 08:51:14 INFO  Utils:112 - [TestNG] Time taken by org.testng.reporters.FailedReporter@73c3cd09: 11 ms
2026-05-03 08:51:14 INFO  Utils:112 - [TestNG] Time taken by org.testng.reporters.XMLReporter@48a663e9: 9 ms
2026-05-03 08:51:14 INFO  Utils:112 - [TestNG] Time taken by org.testng.reporters.EmailableReporter2@2db2a05f: 7 ms
2026-05-03 08:51:14 INFO  Utils:112 - [TestNG] Time taken by org.testng.reporters.JUnitReportReporter@64dae3b7: 6 ms
2026-05-03 08:51:14 INFO  Utils:112 - [TestNG] Time taken by org.testng.internal.ExitCodeListener@1fedf0a4: 1 ms
2026-05-03 08:53:36 INFO  Utils:112 - [Utils] MethodGroupsHelper.collectMethodsByGroup() took 0 ms.
2026-05-03 08:53:36 INFO  Utils:112 - [Utils] MethodGroupsHelper.sortMethods() took 5 ms.
2026-05-03 08:53:36 INFO  Utils:112 - [Utils] MethodGroupsHelper.collectMethodsByGroup() took 0 ms.
2026-05-03 08:53:36 INFO  Utils:112 - [Utils] MethodGroupsHelper.sortMethods() took 0 ms.
2026-05-03 08:53:36 INFO  Utils:112 - [Utils] MethodGroupsHelper.collectMethodsByGroup() took 0 ms.
2026-05-03 08:53:36 INFO  Utils:112 - [Utils] MethodGroupsHelper.sortMethods() took 0 ms.
2026-05-03 08:53:36 INFO  Utils:112 - [Utils] MethodGroupsHelper.collectMethodsByGroup() took 0 ms.
2026-05-03 08:53:36 INFO  Utils:112 - [Utils] MethodGroupsHelper.sortMethods() took 0 ms.
2026-05-03 08:53:36 INFO  Utils:112 - [Utils] MethodGroupsHelper.collectMethodsByGroup() took 4 ms.
2026-05-03 08:53:36 INFO  Utils:112 - [Utils] MethodGroupsHelper.sortMethods() took 5 ms.
2026-05-03 08:53:36 INFO  Utils:112 - [Utils] MethodGroupsHelper.collectMethodsByGroup() took 0 ms.
2026-05-03 08:53:36 INFO  Utils:112 - [Utils] MethodGroupsHelper.sortMethods() took 0 ms.
2026-05-03 08:53:36 INFO  Utils:112 - [Utils] MethodGroupsHelper.collectMethodsByGroup() took 0 ms.
2026-05-03 08:53:36 INFO  Utils:112 - [Utils] MethodGroupsHelper.sortMethods() took 0 ms.
2026-05-03 08:53:36 INFO  Utils:112 - [Utils] MethodGroupsHelper.collectMethodsByGroup() took 0 ms.
2026-05-03 08:53:36 INFO  Utils:112 - [Utils] MethodGroupsHelper.sortMethods() took 0 ms.
2026-05-03 08:53:36 INFO  Utils:112 - [Utils] MethodGroupsHelper.collectMethodsByGroup() took 0 ms.
2026-05-03 08:53:36 INFO  Utils:112 - [Utils] MethodGroupsHelper.sortMethods() took 0 ms.
2026-05-03 08:53:36 INFO  Utils:112 - [Utils] MethodGroupsHelper.collectMethodsByGroup() took 0 ms.
2026-05-03 08:53:36 INFO  Utils:112 - [Utils] MethodGroupsHelper.sortMethods() took 0 ms.
2026-05-03 08:53:36 INFO  Utils:112 - [Utils] MethodGroupsHelper.collectMethodsByGroup() took 0 ms.
2026-05-03 08:53:36 INFO  Utils:112 - [Utils] MethodGroupsHelper.sortMethods() took 0 ms.
2026-05-03 08:53:36 INFO  Utils:112 - [Utils] MethodGroupsHelper.collectMethodsByGroup() took 0 ms.
2026-05-03 08:53:36 INFO  Utils:112 - [Utils] MethodGroupsHelper.sortMethods() took 0 ms.
2026-05-03 08:53:36 INFO  Utils:112 - [Utils] MethodGroupsHelper.collectMethodsByGroup() took 0 ms.
2026-05-03 08:53:36 INFO  Utils:112 - [Utils] MethodGroupsHelper.sortMethods() took 0 ms.
2026-05-03 08:53:36 INFO  Utils:112 - [Utils] MethodGroupsHelper.collectMethodsByGroup() took 0 ms.
2026-05-03 08:53:36 INFO  Utils:112 - [Utils] MethodGroupsHelper.sortMethods() took 0 ms.
2026-05-03 08:53:36 INFO  Utils:112 - [Utils] MethodGroupsHelper.collectMethodsByGroup() took 0 ms.
2026-05-03 08:53:36 INFO  Utils:112 - [Utils] MethodGroupsHelper.sortMethods() took 0 ms.
2026-05-03 08:53:36 INFO  Utils:112 - [TestNG] Running:
  C:\Users\mohan\AppData\Local\Temp\testng-eclipse-836625475\testng-customsuite.xml

2026-05-03 08:53:36 INFO  Utils:112 - [Utils] DynamicGraphHelper.createDynamicGraph() took 3 ms.
2026-05-03 08:54:29 INFO  Utils:112 - [TestNG] Time taken by org.testng.reporters.SuiteHTMLReporter@4aa11206: 18 ms
2026-05-03 08:54:29 INFO  Utils:112 - [TestNG] Time taken by org.testng.reporters.jq.Main@4a3bd45b: 40 ms
2026-05-03 08:54:29 INFO  Utils:112 - [TestNG] Time taken by org.testng.reporters.FailedReporter@73c3cd09: 14 ms
2026-05-03 08:54:29 INFO  Utils:112 - [TestNG] Time taken by org.testng.reporters.XMLReporter@48a663e9: 10 ms
2026-05-03 08:54:29 INFO  Utils:112 - [TestNG] Time taken by org.testng.reporters.EmailableReporter2@2db2a05f: 7 ms
2026-05-03 08:54:29 INFO  Utils:112 - [TestNG] Time taken by org.testng.reporters.JUnitReportReporter@64dae3b7: 8 ms
2026-05-03 08:54:29 INFO  Utils:112 - [TestNG] Time taken by org.testng.internal.ExitCodeListener@1fedf0a4: 0 ms
2026-05-03 08:57:46 INFO  Utils:112 - [Utils] MethodGroupsHelper.collectMethodsByGroup() took 0 ms.
2026-05-03 08:57:46 INFO  Utils:112 - [Utils] MethodGroupsHelper.sortMethods() took 4 ms.
2026-05-03 08:57:46 INFO  Utils:112 - [Utils] MethodGroupsHelper.collectMethodsByGroup() took 0 ms.
2026-05-03 08:57:46 INFO  Utils:112 - [Utils] MethodGroupsHelper.sortMethods() took 0 ms.
2026-05-03 08:57:46 INFO  Utils:112 - [Utils] MethodGroupsHelper.collectMethodsByGroup() took 0 ms.
2026-05-03 08:57:46 INFO  Utils:112 - [Utils] MethodGroupsHelper.sortMethods() took 0 ms.
2026-05-03 08:57:46 INFO  Utils:112 - [Utils] MethodGroupsHelper.collectMethodsByGroup() took 0 ms.
2026-05-03 08:57:46 INFO  Utils:112 - [Utils] MethodGroupsHelper.sortMethods() took 0 ms.
2026-05-03 08:57:46 INFO  Utils:112 - [Utils] MethodGroupsHelper.collectMethodsByGroup() took 6 ms.
2026-05-03 08:57:46 INFO  Utils:112 - [Utils] MethodGroupsHelper.sortMethods() took 4 ms.
2026-05-03 08:57:46 INFO  Utils:112 - [Utils] MethodGroupsHelper.collectMethodsByGroup() took 0 ms.
2026-05-03 08:57:46 INFO  Utils:112 - [Utils] MethodGroupsHelper.sortMethods() took 0 ms.
2026-05-03 08:57:46 INFO  Utils:112 - [Utils] MethodGroupsHelper.collectMethodsByGroup() took 0 ms.
2026-05-03 08:57:46 INFO  Utils:112 - [Utils] MethodGroupsHelper.sortMethods() took 0 ms.
2026-05-03 08:57:46 INFO  Utils:112 - [Utils] MethodGroupsHelper.collectMethodsByGroup() took 0 ms.
2026-05-03 08:57:46 INFO  Utils:112 - [Utils] MethodGroupsHelper.sortMethods() took 0 ms.
2026-05-03 08:57:46 INFO  Utils:112 - [Utils] MethodGroupsHelper.collectMethodsByGroup() took 0 ms.
2026-05-03 08:57:46 INFO  Utils:112 - [Utils] MethodGroupsHelper.sortMethods() took 0 ms.
2026-05-03 08:57:46 INFO  Utils:112 - [Utils] MethodGroupsHelper.collectMethodsByGroup() took 0 ms.
2026-05-03 08:57:46 INFO  Utils:112 - [Utils] MethodGroupsHelper.sortMethods() took 0 ms.
2026-05-03 08:57:46 INFO  Utils:112 - [Utils] MethodGroupsHelper.collectMethodsByGroup() took 0 ms.
2026-05-03 08:57:46 INFO  Utils:112 - [Utils] MethodGroupsHelper.sortMethods() took 0 ms.
2026-05-03 08:57:46 INFO  Utils:112 - [Utils] MethodGroupsHelper.collectMethodsByGroup() took 0 ms.
2026-05-03 08:57:46 INFO  Utils:112 - [Utils] MethodGroupsHelper.sortMethods() took 0 ms.
2026-05-03 08:57:46 INFO  Utils:112 - [Utils] MethodGroupsHelper.collectMethodsByGroup() took 0 ms.
2026-05-03 08:57:46 INFO  Utils:112 - [Utils] MethodGroupsHelper.sortMethods() took 0 ms.
2026-05-03 08:57:46 INFO  Utils:112 - [Utils] MethodGroupsHelper.collectMethodsByGroup() took 0 ms.
2026-05-03 08:57:46 INFO  Utils:112 - [Utils] MethodGroupsHelper.sortMethods() took 0 ms.
2026-05-03 08:57:46 INFO  Utils:112 - [Utils] MethodGroupsHelper.collectMethodsByGroup() took 0 ms.
2026-05-03 08:57:46 INFO  Utils:112 - [Utils] MethodGroupsHelper.sortMethods() took 0 ms.
2026-05-03 08:57:46 INFO  Utils:112 - [TestNG] Running:
  C:\Users\mohan\AppData\Local\Temp\testng-eclipse--1266672000\testng-customsuite.xml

2026-05-03 08:57:46 INFO  Utils:112 - [Utils] DynamicGraphHelper.createDynamicGraph() took 3 ms.
2026-05-03 08:58:39 INFO  Utils:112 - [TestNG] Time taken by org.testng.reporters.SuiteHTMLReporter@40d60f2: 19 ms
2026-05-03 08:58:40 INFO  Utils:112 - [TestNG] Time taken by org.testng.reporters.jq.Main@34c70b5e: 47 ms
2026-05-03 08:58:40 INFO  Utils:112 - [TestNG] Time taken by org.testng.reporters.FailedReporter@4a8a0099: 18 ms
2026-05-03 08:58:40 INFO  Utils:112 - [TestNG] Time taken by org.testng.reporters.XMLReporter@777d0bc3: 21 ms
2026-05-03 08:58:40 INFO  Utils:112 - [TestNG] Time taken by org.testng.reporters.EmailableReporter2@695c938d: 13 ms
2026-05-03 08:58:40 INFO  Utils:112 - [TestNG] Time taken by org.testng.reporters.JUnitReportReporter@1fedf0a4: 9 ms
2026-05-03 08:58:40 INFO  Utils:112 - [TestNG] Time taken by org.testng.internal.ExitCodeListener@1e4c6583: 0 ms
2026-05-03 09:07:08 INFO  Utils:112 - [Utils] MethodGroupsHelper.collectMethodsByGroup() took 0 ms.
2026-05-03 09:07:08 INFO  Utils:112 - [Utils] MethodGroupsHelper.sortMethods() took 2 ms.
2026-05-03 09:07:08 INFO  Utils:112 - [Utils] MethodGroupsHelper.collectMethodsByGroup() took 0 ms.
2026-05-03 09:07:08 INFO  Utils:112 - [Utils] MethodGroupsHelper.sortMethods() took 0 ms.
2026-05-03 09:07:08 INFO  Utils:112 - [Utils] MethodGroupsHelper.collectMethodsByGroup() took 0 ms.
2026-05-03 09:07:08 INFO  Utils:112 - [Utils] MethodGroupsHelper.sortMethods() took 0 ms.
2026-05-03 09:07:08 INFO  Utils:112 - [Utils] MethodGroupsHelper.collectMethodsByGroup() took 0 ms.
2026-05-03 09:07:08 INFO  Utils:112 - [Utils] MethodGroupsHelper.sortMethods() took 0 ms.
2026-05-03 09:07:08 INFO  Utils:112 - [Utils] MethodGroupsHelper.collectMethodsByGroup() took 3 ms.
2026-05-03 09:07:08 INFO  Utils:112 - [Utils] MethodGroupsHelper.sortMethods() took 5 ms.
2026-05-03 09:07:08 INFO  Utils:112 - [Utils] MethodGroupsHelper.collectMethodsByGroup() took 0 ms.
2026-05-03 09:07:08 INFO  Utils:112 - [Utils] MethodGroupsHelper.sortMethods() took 0 ms.
2026-05-03 09:07:08 INFO  Utils:112 - [Utils] MethodGroupsHelper.collectMethodsByGroup() took 0 ms.
2026-05-03 09:07:08 INFO  Utils:112 - [Utils] MethodGroupsHelper.sortMethods() took 0 ms.
2026-05-03 09:07:08 INFO  Utils:112 - [Utils] MethodGroupsHelper.collectMethodsByGroup() took 0 ms.
2026-05-03 09:07:08 INFO  Utils:112 - [Utils] MethodGroupsHelper.sortMethods() took 0 ms.
2026-05-03 09:07:08 INFO  Utils:112 - [Utils] MethodGroupsHelper.collectMethodsByGroup() took 0 ms.
2026-05-03 09:07:08 INFO  Utils:112 - [Utils] MethodGroupsHelper.sortMethods() took 0 ms.
2026-05-03 09:07:08 INFO  Utils:112 - [Utils] MethodGroupsHelper.collectMethodsByGroup() took 0 ms.
2026-05-03 09:07:08 INFO  Utils:112 - [Utils] MethodGroupsHelper.sortMethods() took 0 ms.
2026-05-03 09:07:08 INFO  Utils:112 - [Utils] MethodGroupsHelper.collectMethodsByGroup() took 0 ms.
2026-05-03 09:07:08 INFO  Utils:112 - [Utils] MethodGroupsHelper.sortMethods() took 0 ms.
2026-05-03 09:07:08 INFO  Utils:112 - [Utils] MethodGroupsHelper.collectMethodsByGroup() took 0 ms.
2026-05-03 09:07:08 INFO  Utils:112 - [Utils] MethodGroupsHelper.sortMethods() took 0 ms.
2026-05-03 09:07:08 INFO  Utils:112 - [Utils] MethodGroupsHelper.collectMethodsByGroup() took 0 ms.
2026-05-03 09:07:08 INFO  Utils:112 - [Utils] MethodGroupsHelper.sortMethods() took 0 ms.
2026-05-03 09:07:08 INFO  Utils:112 - [Utils] MethodGroupsHelper.collectMethodsByGroup() took 0 ms.
2026-05-03 09:07:08 INFO  Utils:112 - [Utils] MethodGroupsHelper.sortMethods() took 0 ms.
2026-05-03 09:07:08 INFO  Utils:112 - [Utils] MethodGroupsHelper.collectMethodsByGroup() took 0 ms.
2026-05-03 09:07:08 INFO  Utils:112 - [Utils] MethodGroupsHelper.sortMethods() took 0 ms.
2026-05-03 09:07:08 INFO  Utils:112 - [TestNG] Running:
  C:\Users\mohan\AppData\Local\Temp\testng-eclipse--1391502498\testng-customsuite.xml

2026-05-03 09:07:08 INFO  Utils:112 - [Utils] DynamicGraphHelper.createDynamicGraph() took 2 ms.
2026-05-03 09:07:41 INFO  Utils:112 - [TestNG] Time taken by org.testng.reporters.SuiteHTMLReporter@751ae8a4: 18 ms
2026-05-03 09:07:42 INFO  Utils:112 - [TestNG] Time taken by org.testng.reporters.jq.Main@ebe067d: 42 ms
2026-05-03 09:07:42 INFO  Utils:112 - [TestNG] Time taken by org.testng.reporters.FailedReporter@3a4ab7f7: 2 ms
2026-05-03 09:07:42 INFO  Utils:112 - [TestNG] Time taken by org.testng.reporters.XMLReporter@314b9e4b: 9 ms
2026-05-03 09:07:42 INFO  Utils:112 - [TestNG] Time taken by org.testng.reporters.EmailableReporter2@52a33c3f: 8 ms
2026-05-03 09:07:42 INFO  Utils:112 - [TestNG] Time taken by org.testng.reporters.JUnitReportReporter@67774e29: 5 ms
2026-05-03 09:07:42 INFO  Utils:112 - [TestNG] Time taken by org.testng.internal.ExitCodeListener@663f237a: 0 ms
2026-05-03 09:09:04 INFO  Utils:112 - [Utils] MethodGroupsHelper.collectMethodsByGroup() took 0 ms.
2026-05-03 09:09:04 INFO  Utils:112 - [Utils] MethodGroupsHelper.sortMethods() took 1 ms.
2026-05-03 09:09:04 INFO  Utils:112 - [Utils] MethodGroupsHelper.collectMethodsByGroup() took 0 ms.
2026-05-03 09:09:04 INFO  Utils:112 - [Utils] MethodGroupsHelper.sortMethods() took 0 ms.
2026-05-03 09:09:04 INFO  Utils:112 - [Utils] MethodGroupsHelper.collectMethodsByGroup() took 0 ms.
2026-05-03 09:09:04 INFO  Utils:112 - [Utils] MethodGroupsHelper.sortMethods() took 0 ms.
2026-05-03 09:09:04 INFO  Utils:112 - [Utils] MethodGroupsHelper.collectMethodsByGroup() took 0 ms.
2026-05-03 09:09:04 INFO  Utils:112 - [Utils] MethodGroupsHelper.sortMethods() took 0 ms.
2026-05-03 09:09:04 INFO  Utils:112 - [Utils] MethodGroupsHelper.collectMethodsByGroup() took 3 ms.
2026-05-03 09:09:04 INFO  Utils:112 - [Utils] MethodGroupsHelper.sortMethods() took 4 ms.
2026-05-03 09:09:04 INFO  Utils:112 - [Utils] MethodGroupsHelper.collectMethodsByGroup() took 0 ms.
2026-05-03 09:09:04 INFO  Utils:112 - [Utils] MethodGroupsHelper.sortMethods() took 0 ms.
2026-05-03 09:09:04 INFO  Utils:112 - [Utils] MethodGroupsHelper.collectMethodsByGroup() took 0 ms.
2026-05-03 09:09:04 INFO  Utils:112 - [Utils] MethodGroupsHelper.sortMethods() took 0 ms.
2026-05-03 09:09:04 INFO  Utils:112 - [Utils] MethodGroupsHelper.collectMethodsByGroup() took 0 ms.
2026-05-03 09:09:04 INFO  Utils:112 - [Utils] MethodGroupsHelper.sortMethods() took 0 ms.
2026-05-03 09:09:04 INFO  Utils:112 - [Utils] MethodGroupsHelper.collectMethodsByGroup() took 0 ms.
2026-05-03 09:09:04 INFO  Utils:112 - [Utils] MethodGroupsHelper.sortMethods() took 0 ms.
2026-05-03 09:09:04 INFO  Utils:112 - [Utils] MethodGroupsHelper.collectMethodsByGroup() took 0 ms.
2026-05-03 09:09:04 INFO  Utils:112 - [Utils] MethodGroupsHelper.sortMethods() took 0 ms.
2026-05-03 09:09:04 INFO  Utils:112 - [Utils] MethodGroupsHelper.collectMethodsByGroup() took 0 ms.
2026-05-03 09:09:04 INFO  Utils:112 - [Utils] MethodGroupsHelper.sortMethods() took 0 ms.
2026-05-03 09:09:04 INFO  Utils:112 - [Utils] MethodGroupsHelper.collectMethodsByGroup() took 0 ms.
2026-05-03 09:09:04 INFO  Utils:112 - [Utils] MethodGroupsHelper.sortMethods() took 0 ms.
2026-05-03 09:09:04 INFO  Utils:112 - [Utils] MethodGroupsHelper.collectMethodsByGroup() took 0 ms.
2026-05-03 09:09:04 INFO  Utils:112 - [Utils] MethodGroupsHelper.sortMethods() took 0 ms.
2026-05-03 09:09:04 INFO  Utils:112 - [Utils] MethodGroupsHelper.collectMethodsByGroup() took 0 ms.
2026-05-03 09:09:04 INFO  Utils:112 - [Utils] MethodGroupsHelper.sortMethods() took 0 ms.
2026-05-03 09:09:04 INFO  Utils:112 - [Utils] MethodGroupsHelper.collectMethodsByGroup() took 0 ms.
2026-05-03 09:09:04 INFO  Utils:112 - [Utils] MethodGroupsHelper.sortMethods() took 0 ms.
2026-05-03 09:09:04 INFO  Utils:112 - [TestNG] Running:
  C:\Users\mohan\AppData\Local\Temp\testng-eclipse--1267812567\testng-customsuite.xml

2026-05-03 09:09:04 INFO  Utils:112 - [Utils] DynamicGraphHelper.createDynamicGraph() took 3 ms.
2026-05-03 09:09:57 INFO  Utils:112 - [TestNG] Time taken by org.testng.reporters.SuiteHTMLReporter@4aa11206: 23 ms
2026-05-03 09:09:57 INFO  Utils:112 - [TestNG] Time taken by org.testng.reporters.jq.Main@4a3bd45b: 49 ms
2026-05-03 09:09:57 INFO  Utils:112 - [TestNG] Time taken by org.testng.reporters.FailedReporter@73c3cd09: 14 ms
2026-05-03 09:09:57 INFO  Utils:112 - [TestNG] Time taken by org.testng.reporters.XMLReporter@48a663e9: 10 ms
2026-05-03 09:09:57 INFO  Utils:112 - [TestNG] Time taken by org.testng.reporters.EmailableReporter2@2db2a05f: 6 ms
2026-05-03 09:09:57 INFO  Utils:112 - [TestNG] Time taken by org.testng.reporters.JUnitReportReporter@64dae3b7: 10 ms
2026-05-03 09:09:57 INFO  Utils:112 - [TestNG] Time taken by org.testng.internal.ExitCodeListener@1fedf0a4: 0 ms
2026-05-03 09:11:35 INFO  Utils:112 - [Utils] MethodGroupsHelper.collectMethodsByGroup() took 1 ms.
2026-05-03 09:11:35 INFO  Utils:112 - [Utils] MethodGroupsHelper.sortMethods() took 1 ms.
2026-05-03 09:11:35 INFO  Utils:112 - [Utils] MethodGroupsHelper.collectMethodsByGroup() took 0 ms.
2026-05-03 09:11:35 INFO  Utils:112 - [Utils] MethodGroupsHelper.sortMethods() took 0 ms.
2026-05-03 09:11:35 INFO  Utils:112 - [Utils] MethodGroupsHelper.collectMethodsByGroup() took 0 ms.
2026-05-03 09:11:35 INFO  Utils:112 - [Utils] MethodGroupsHelper.sortMethods() took 0 ms.
2026-05-03 09:11:35 INFO  Utils:112 - [Utils] MethodGroupsHelper.collectMethodsByGroup() took 0 ms.
2026-05-03 09:11:35 INFO  Utils:112 - [Utils] MethodGroupsHelper.sortMethods() took 0 ms.
2026-05-03 09:11:35 INFO  Utils:112 - [Utils] MethodGroupsHelper.collectMethodsByGroup() took 2 ms.
2026-05-03 09:11:35 INFO  Utils:112 - [Utils] MethodGroupsHelper.sortMethods() took 8 ms.
2026-05-03 09:11:35 INFO  Utils:112 - [Utils] MethodGroupsHelper.collectMethodsByGroup() took 0 ms.
2026-05-03 09:11:35 INFO  Utils:112 - [Utils] MethodGroupsHelper.sortMethods() took 0 ms.
2026-05-03 09:11:35 INFO  Utils:112 - [Utils] MethodGroupsHelper.collectMethodsByGroup() took 0 ms.
2026-05-03 09:11:35 INFO  Utils:112 - [Utils] MethodGroupsHelper.sortMethods() took 0 ms.
2026-05-03 09:11:35 INFO  Utils:112 - [Utils] MethodGroupsHelper.collectMethodsByGroup() took 0 ms.
2026-05-03 09:11:35 INFO  Utils:112 - [Utils] MethodGroupsHelper.sortMethods() took 0 ms.
2026-05-03 09:11:35 INFO  Utils:112 - [Utils] MethodGroupsHelper.collectMethodsByGroup() took 0 ms.
2026-05-03 09:11:35 INFO  Utils:112 - [Utils] MethodGroupsHelper.sortMethods() took 0 ms.
2026-05-03 09:11:35 INFO  Utils:112 - [Utils] MethodGroupsHelper.collectMethodsByGroup() took 0 ms.
2026-05-03 09:11:35 INFO  Utils:112 - [Utils] MethodGroupsHelper.sortMethods() took 0 ms.
2026-05-03 09:11:35 INFO  Utils:112 - [Utils] MethodGroupsHelper.collectMethodsByGroup() took 0 ms.
2026-05-03 09:11:35 INFO  Utils:112 - [Utils] MethodGroupsHelper.sortMethods() took 0 ms.
2026-05-03 09:11:35 INFO  Utils:112 - [Utils] MethodGroupsHelper.collectMethodsByGroup() took 0 ms.
2026-05-03 09:11:35 INFO  Utils:112 - [Utils] MethodGroupsHelper.sortMethods() took 0 ms.
2026-05-03 09:11:35 INFO  Utils:112 - [Utils] MethodGroupsHelper.collectMethodsByGroup() took 0 ms.
2026-05-03 09:11:35 INFO  Utils:112 - [Utils] MethodGroupsHelper.sortMethods() took 0 ms.
2026-05-03 09:11:35 INFO  Utils:112 - [Utils] MethodGroupsHelper.collectMethodsByGroup() took 0 ms.
2026-05-03 09:11:35 INFO  Utils:112 - [Utils] MethodGroupsHelper.sortMethods() took 0 ms.
2026-05-03 09:11:35 INFO  Utils:112 - [Utils] MethodGroupsHelper.collectMethodsByGroup() took 0 ms.
2026-05-03 09:11:35 INFO  Utils:112 - [Utils] MethodGroupsHelper.sortMethods() took 0 ms.
2026-05-03 09:11:35 INFO  Utils:112 - [TestNG] Running:
  C:\Users\mohan\AppData\Local\Temp\testng-eclipse--2124481446\testng-customsuite.xml

2026-05-03 09:11:35 INFO  Utils:112 - [Utils] DynamicGraphHelper.createDynamicGraph() took 5 ms.
2026-05-03 09:12:30 INFO  Utils:112 - [TestNG] Time taken by org.testng.reporters.SuiteHTMLReporter@40d60f2: 20 ms
2026-05-03 09:12:30 INFO  Utils:112 - [TestNG] Time taken by org.testng.reporters.jq.Main@34c70b5e: 37 ms
2026-05-03 09:12:30 INFO  Utils:112 - [TestNG] Time taken by org.testng.reporters.FailedReporter@4a8a0099: 9 ms
2026-05-03 09:12:30 INFO  Utils:112 - [TestNG] Time taken by org.testng.reporters.XMLReporter@777d0bc3: 10 ms
2026-05-03 09:12:30 INFO  Utils:112 - [TestNG] Time taken by org.testng.reporters.EmailableReporter2@695c938d: 6 ms
2026-05-03 09:12:30 INFO  Utils:112 - [TestNG] Time taken by org.testng.reporters.JUnitReportReporter@1fedf0a4: 7 ms
2026-05-03 09:12:30 INFO  Utils:112 - [TestNG] Time taken by org.testng.internal.ExitCodeListener@1e4c6583: 0 ms
2026-05-03 09:15:59 INFO  Utils:112 - [Utils] MethodGroupsHelper.collectMethodsByGroup() took 0 ms.
2026-05-03 09:15:59 INFO  Utils:112 - [Utils] MethodGroupsHelper.sortMethods() took 1 ms.
2026-05-03 09:15:59 INFO  Utils:112 - [Utils] MethodGroupsHelper.collectMethodsByGroup() took 0 ms.
2026-05-03 09:15:59 INFO  Utils:112 - [Utils] MethodGroupsHelper.sortMethods() took 0 ms.
2026-05-03 09:15:59 INFO  Utils:112 - [Utils] MethodGroupsHelper.collectMethodsByGroup() took 0 ms.
2026-05-03 09:15:59 INFO  Utils:112 - [Utils] MethodGroupsHelper.sortMethods() took 0 ms.
2026-05-03 09:15:59 INFO  Utils:112 - [Utils] MethodGroupsHelper.collectMethodsByGroup() took 0 ms.
2026-05-03 09:15:59 INFO  Utils:112 - [Utils] MethodGroupsHelper.sortMethods() took 0 ms.
2026-05-03 09:15:59 INFO  Utils:112 - [Utils] MethodGroupsHelper.collectMethodsByGroup() took 3 ms.
2026-05-03 09:15:59 INFO  Utils:112 - [Utils] MethodGroupsHelper.sortMethods() took 5 ms.
2026-05-03 09:15:59 INFO  Utils:112 - [Utils] MethodGroupsHelper.collectMethodsByGroup() took 0 ms.
2026-05-03 09:15:59 INFO  Utils:112 - [Utils] MethodGroupsHelper.sortMethods() took 0 ms.
2026-05-03 09:15:59 INFO  Utils:112 - [Utils] MethodGroupsHelper.collectMethodsByGroup() took 0 ms.
2026-05-03 09:15:59 INFO  Utils:112 - [Utils] MethodGroupsHelper.sortMethods() took 0 ms.
2026-05-03 09:15:59 INFO  Utils:112 - [Utils] MethodGroupsHelper.collectMethodsByGroup() took 0 ms.
2026-05-03 09:15:59 INFO  Utils:112 - [Utils] MethodGroupsHelper.sortMethods() took 0 ms.
2026-05-03 09:15:59 INFO  Utils:112 - [Utils] MethodGroupsHelper.collectMethodsByGroup() took 0 ms.
2026-05-03 09:15:59 INFO  Utils:112 - [Utils] MethodGroupsHelper.sortMethods() took 0 ms.
2026-05-03 09:15:59 INFO  Utils:112 - [Utils] MethodGroupsHelper.collectMethodsByGroup() took 0 ms.
2026-05-03 09:15:59 INFO  Utils:112 - [Utils] MethodGroupsHelper.sortMethods() took 0 ms.
2026-05-03 09:15:59 INFO  Utils:112 - [Utils] MethodGroupsHelper.collectMethodsByGroup() took 0 ms.
2026-05-03 09:15:59 INFO  Utils:112 - [Utils] MethodGroupsHelper.sortMethods() took 0 ms.
2026-05-03 09:15:59 INFO  Utils:112 - [Utils] MethodGroupsHelper.collectMethodsByGroup() took 0 ms.
2026-05-03 09:15:59 INFO  Utils:112 - [Utils] MethodGroupsHelper.sortMethods() took 0 ms.
2026-05-03 09:15:59 INFO  Utils:112 - [Utils] MethodGroupsHelper.collectMethodsByGroup() took 0 ms.
2026-05-03 09:15:59 INFO  Utils:112 - [Utils] MethodGroupsHelper.sortMethods() took 0 ms.
2026-05-03 09:15:59 INFO  Utils:112 - [Utils] MethodGroupsHelper.collectMethodsByGroup() took 0 ms.
2026-05-03 09:15:59 INFO  Utils:112 - [Utils] MethodGroupsHelper.sortMethods() took 0 ms.
2026-05-03 09:15:59 INFO  Utils:112 - [Utils] MethodGroupsHelper.collectMethodsByGroup() took 0 ms.
2026-05-03 09:15:59 INFO  Utils:112 - [Utils] MethodGroupsHelper.sortMethods() took 0 ms.
2026-05-03 09:15:59 INFO  Utils:112 - [TestNG] Running:
  C:\Users\mohan\AppData\Local\Temp\testng-eclipse--1690674034\testng-customsuite.xml

2026-05-03 09:15:59 INFO  Utils:112 - [Utils] DynamicGraphHelper.createDynamicGraph() took 6 ms.
2026-05-03 09:16:32 INFO  Utils:112 - [TestNG] Time taken by org.testng.reporters.SuiteHTMLReporter@235d659c: 19 ms
2026-05-03 09:16:32 INFO  Utils:112 - [TestNG] Time taken by org.testng.reporters.jq.Main@3a4ab7f7: 33 ms
2026-05-03 09:16:32 INFO  Utils:112 - [TestNG] Time taken by org.testng.reporters.FailedReporter@6badba10: 0 ms
2026-05-03 09:16:32 INFO  Utils:112 - [TestNG] Time taken by org.testng.reporters.XMLReporter@6f1b8544: 5 ms
2026-05-03 09:16:32 INFO  Utils:112 - [TestNG] Time taken by org.testng.reporters.EmailableReporter2@668625f5: 4 ms
2026-05-03 09:16:32 INFO  Utils:112 - [TestNG] Time taken by org.testng.reporters.JUnitReportReporter@663f237a: 4 ms
2026-05-03 09:16:32 INFO  Utils:112 - [TestNG] Time taken by org.testng.internal.ExitCodeListener@5d7399f9: 0 ms
2026-05-03 09:31:41 INFO  Utils:112 - [TestNG] Running:
  C:\Users\mohan\eclipse-workspace\AutomationFramework\testng.xml

2026-05-03 09:32:13 INFO  Utils:112 - [TestNG] Running:
  C:\Users\mohan\eclipse-workspace\AutomationFramework\testng.xml

2026-05-03 09:33:17 INFO  Utils:112 - [TestNG] Running:
  C:\Users\mohan\eclipse-workspace\AutomationFramework\testng.xml

2026-05-03 09:35:16 INFO  Utils:112 - [TestNG] Running:
  C:\Users\mohan\eclipse-workspace\AutomationFramework\testng.xml

2026-05-03 09:35:26 INFO  Utils:112 - [Utils] MethodGroupsHelper.collectMethodsByGroup() took 1 ms.
2026-05-03 09:35:26 INFO  Utils:112 - [Utils] MethodGroupsHelper.sortMethods() took 2 ms.
2026-05-03 09:35:26 INFO  Utils:112 - [Utils] MethodGroupsHelper.collectMethodsByGroup() took 0 ms.
2026-05-03 09:35:26 INFO  Utils:112 - [Utils] MethodGroupsHelper.sortMethods() took 0 ms.
2026-05-03 09:35:26 INFO  Utils:112 - [Utils] MethodGroupsHelper.collectMethodsByGroup() took 0 ms.
2026-05-03 09:35:26 INFO  Utils:112 - [Utils] MethodGroupsHelper.sortMethods() took 0 ms.
2026-05-03 09:35:26 INFO  Utils:112 - [Utils] MethodGroupsHelper.collectMethodsByGroup() took 0 ms.
2026-05-03 09:35:26 INFO  Utils:112 - [Utils] MethodGroupsHelper.sortMethods() took 0 ms.
2026-05-03 09:35:26 INFO  Utils:112 - [Utils] MethodGroupsHelper.collectMethodsByGroup() took 2 ms.
2026-05-03 09:35:26 INFO  Utils:112 - [Utils] MethodGroupsHelper.sortMethods() took 4 ms.
2026-05-03 09:35:26 INFO  Utils:112 - [Utils] MethodGroupsHelper.collectMethodsByGroup() took 0 ms.
2026-05-03 09:35:26 INFO  Utils:112 - [Utils] MethodGroupsHelper.sortMethods() took 0 ms.
2026-05-03 09:35:26 INFO  Utils:112 - [Utils] MethodGroupsHelper.collectMethodsByGroup() took 0 ms.
2026-05-03 09:35:26 INFO  Utils:112 - [Utils] MethodGroupsHelper.sortMethods() took 0 ms.
2026-05-03 09:35:26 INFO  Utils:112 - [Utils] MethodGroupsHelper.collectMethodsByGroup() took 0 ms.
2026-05-03 09:35:26 INFO  Utils:112 - [Utils] MethodGroupsHelper.sortMethods() took 0 ms.
2026-05-03 09:35:26 INFO  Utils:112 - [Utils] MethodGroupsHelper.collectMethodsByGroup() took 0 ms.
2026-05-03 09:35:26 INFO  Utils:112 - [Utils] MethodGroupsHelper.sortMethods() took 0 ms.
2026-05-03 09:35:26 INFO  Utils:112 - [Utils] MethodGroupsHelper.collectMethodsByGroup() took 0 ms.
2026-05-03 09:35:26 INFO  Utils:112 - [Utils] MethodGroupsHelper.sortMethods() took 0 ms.
2026-05-03 09:35:26 INFO  Utils:112 - [Utils] MethodGroupsHelper.collectMethodsByGroup() took 0 ms.
2026-05-03 09:35:26 INFO  Utils:112 - [Utils] MethodGroupsHelper.sortMethods() took 0 ms.
2026-05-03 09:35:26 INFO  Utils:112 - [Utils] MethodGroupsHelper.collectMethodsByGroup() took 0 ms.
2026-05-03 09:35:26 INFO  Utils:112 - [Utils] MethodGroupsHelper.sortMethods() took 0 ms.
2026-05-03 09:35:26 INFO  Utils:112 - [Utils] MethodGroupsHelper.collectMethodsByGroup() took 0 ms.
2026-05-03 09:35:26 INFO  Utils:112 - [Utils] MethodGroupsHelper.sortMethods() took 0 ms.
2026-05-03 09:35:26 INFO  Utils:112 - [Utils] MethodGroupsHelper.collectMethodsByGroup() took 0 ms.
2026-05-03 09:35:26 INFO  Utils:112 - [Utils] MethodGroupsHelper.sortMethods() took 0 ms.
2026-05-03 09:35:26 INFO  Utils:112 - [Utils] MethodGroupsHelper.collectMethodsByGroup() took 0 ms.
2026-05-03 09:35:26 INFO  Utils:112 - [Utils] MethodGroupsHelper.sortMethods() took 0 ms.
2026-05-03 09:35:26 INFO  Utils:112 - [TestNG] Running:
  C:\Users\mohan\AppData\Local\Temp\testng-eclipse-1126241982\testng-customsuite.xml

2026-05-03 09:35:26 INFO  Utils:112 - [Utils] DynamicGraphHelper.createDynamicGraph() took 4 ms.
2026-05-03 09:35:31 INFO  Utils:112 - [TestNG] Time taken by org.testng.reporters.SuiteHTMLReporter@705f83a7: 30 ms
2026-05-03 09:35:31 INFO  Utils:112 - [TestNG] Time taken by org.testng.reporters.jq.Main@5c748168: 45 ms
2026-05-03 09:35:31 INFO  Utils:112 - [TestNG] Time taken by org.testng.reporters.FailedReporter@6441c486: 0 ms
2026-05-03 09:35:31 INFO  Utils:112 - [TestNG] Time taken by org.testng.reporters.XMLReporter@76d05cc9: 6 ms
2026-05-03 09:35:31 INFO  Utils:112 - [TestNG] Time taken by org.testng.reporters.EmailableReporter2@47547132: 3 ms
2026-05-03 09:35:31 INFO  Utils:112 - [TestNG] Time taken by org.testng.reporters.JUnitReportReporter@21a66d45: 7 ms
2026-05-03 09:35:31 INFO  Utils:112 - [TestNG] Time taken by org.testng.internal.ExitCodeListener@1f966492: 0 ms
2026-05-03 09:35:53 INFO  Utils:112 - [TestNG] Running:
  C:\Users\mohan\eclipse-workspace\AutomationFramework\testng.xml

2026-05-03 09:37:07 INFO  Utils:112 - [TestNG] Running:
  C:\Users\mohan\eclipse-workspace\AutomationFramework\testng.xml

2026-05-03 09:37:34 INFO  Utils:112 - [TestNG] Running:
  C:\Users\mohan\eclipse-workspace\AutomationFramework\testng.xml

2026-05-03 09:37:37 INFO  TC001_AccountRegister:17 - ************Test case started****************
2026-05-03 09:37:39 INFO  TC001_AccountRegister:43 - Test passed
2026-05-03 09:39:58 INFO  Utils:112 - [TestNG] Running:
  C:\Users\mohan\eclipse-workspace\AutomationFramework\testng.xml

2026-05-03 09:41:54 INFO  Utils:112 - [TestNG] Running:
  C:\Users\mohan\eclipse-workspace\AutomationFramework\testng.xml

2026-05-03 09:41:57 INFO  TC001_AccountRegister:17 - ************Test case started****************
2026-05-03 09:41:59 INFO  TC001_AccountRegister:43 - Test passed
2026-05-03 09:42:26 INFO  Utils:112 - [TestNG] Running:
  C:\Users\mohan\eclipse-workspace\AutomationFramework\testng.xml

2026-05-03 09:42:40 INFO  Utils:112 - [TestNG] Running:
  C:\Users\mohan\eclipse-workspace\AutomationFramework\testng.xml

2026-05-03 09:43:46 INFO  Utils:112 - [TestNG] Running:
  C:\Users\mohan\eclipse-workspace\AutomationFramework\testng.xml

2026-05-03 09:48:03 INFO  Utils:112 - [TestNG] Running:
  C:\Users\mohan\eclipse-workspace\AutomationFramework\testng.xml

2026-05-03 09:48:38 INFO  Utils:112 - [TestNG] Running:
  C:\Users\mohan\eclipse-workspace\AutomationFramework\testng.xml

2026-05-03 09:49:14 INFO  TC001_AccountRegister:17 - ************Test case started****************
2026-05-03 09:49:16 INFO  TC001_AccountRegister:43 - Test passed
2026-05-03 09:50:36 INFO  Utils:112 - [TestNG] Running:
  C:\Users\mohan\eclipse-workspace\AutomationFramework\testng.xml

2026-05-03 09:51:58 INFO  Utils:112 - [TestNG] Running:
  C:\Users\mohan\eclipse-workspace\AutomationFramework\testng.xml

2026-05-03 09:54:45 INFO  Utils:112 - [TestNG] Running:
  C:\Users\mohan\eclipse-workspace\AutomationFramework\testng.xml

2026-05-03 09:57:08 INFO  Utils:112 - [TestNG] Running:
  C:\Users\mohan\eclipse-workspace\AutomationFramework\testng.xml

2026-05-03 09:57:17 INFO  Utils:112 - [Utils] MethodGroupsHelper.collectMethodsByGroup() took 0 ms.
2026-05-03 09:57:17 INFO  Utils:112 - [Utils] MethodGroupsHelper.sortMethods() took 1 ms.
2026-05-03 09:57:17 INFO  Utils:112 - [Utils] MethodGroupsHelper.collectMethodsByGroup() took 0 ms.
2026-05-03 09:57:17 INFO  Utils:112 - [Utils] MethodGroupsHelper.sortMethods() took 0 ms.
2026-05-03 09:57:17 INFO  Utils:112 - [Utils] MethodGroupsHelper.collectMethodsByGroup() took 0 ms.
2026-05-03 09:57:17 INFO  Utils:112 - [Utils] MethodGroupsHelper.sortMethods() took 0 ms.
2026-05-03 09:57:17 INFO  Utils:112 - [Utils] MethodGroupsHelper.collectMethodsByGroup() took 0 ms.
2026-05-03 09:57:17 INFO  Utils:112 - [Utils] MethodGroupsHelper.sortMethods() took 0 ms.
2026-05-03 09:57:17 INFO  Utils:112 - [Utils] MethodGroupsHelper.collectMethodsByGroup() took 4 ms.
2026-05-03 09:57:17 INFO  Utils:112 - [Utils] MethodGroupsHelper.sortMethods() took 5 ms.
2026-05-03 09:57:17 INFO  Utils:112 - [Utils] MethodGroupsHelper.collectMethodsByGroup() took 0 ms.
2026-05-03 09:57:17 INFO  Utils:112 - [Utils] MethodGroupsHelper.sortMethods() took 0 ms.
2026-05-03 09:57:17 INFO  Utils:112 - [Utils] MethodGroupsHelper.collectMethodsByGroup() took 0 ms.
2026-05-03 09:57:17 INFO  Utils:112 - [Utils] MethodGroupsHelper.sortMethods() took 0 ms.
2026-05-03 09:57:17 INFO  Utils:112 - [Utils] MethodGroupsHelper.collectMethodsByGroup() took 0 ms.
2026-05-03 09:57:17 INFO  Utils:112 - [Utils] MethodGroupsHelper.sortMethods() took 0 ms.
2026-05-03 09:57:17 INFO  Utils:112 - [Utils] MethodGroupsHelper.collectMethodsByGroup() took 0 ms.
2026-05-03 09:57:17 INFO  Utils:112 - [Utils] MethodGroupsHelper.sortMethods() took 0 ms.
2026-05-03 09:57:17 INFO  Utils:112 - [Utils] MethodGroupsHelper.collectMethodsByGroup() took 0 ms.
2026-05-03 09:57:17 INFO  Utils:112 - [Utils] MethodGroupsHelper.sortMethods() took 0 ms.
2026-05-03 09:57:17 INFO  Utils:112 - [Utils] MethodGroupsHelper.collectMethodsByGroup() took 0 ms.
2026-05-03 09:57:17 INFO  Utils:112 - [Utils] MethodGroupsHelper.sortMethods() took 0 ms.
2026-05-03 09:57:17 INFO  Utils:112 - [Utils] MethodGroupsHelper.collectMethodsByGroup() took 0 ms.
2026-05-03 09:57:17 INFO  Utils:112 - [Utils] MethodGroupsHelper.sortMethods() took 0 ms.
2026-05-03 09:57:17 INFO  Utils:112 - [Utils] MethodGroupsHelper.collectMethodsByGroup() took 0 ms.
2026-05-03 09:57:17 INFO  Utils:112 - [Utils] MethodGroupsHelper.sortMethods() took 0 ms.
2026-05-03 09:57:17 INFO  Utils:112 - [Utils] MethodGroupsHelper.collectMethodsByGroup() took 0 ms.
2026-05-03 09:57:17 INFO  Utils:112 - [Utils] MethodGroupsHelper.sortMethods() took 0 ms.
2026-05-03 09:57:17 INFO  Utils:112 - [Utils] MethodGroupsHelper.collectMethodsByGroup() took 0 ms.
2026-05-03 09:57:17 INFO  Utils:112 - [Utils] MethodGroupsHelper.sortMethods() took 0 ms.
2026-05-03 09:57:17 INFO  Utils:112 - [TestNG] Running:
  C:\Users\mohan\AppData\Local\Temp\testng-eclipse--140285167\testng-customsuite.xml

2026-05-03 09:57:17 INFO  Utils:112 - [Utils] DynamicGraphHelper.createDynamicGraph() took 3 ms.
2026-05-03 09:57:20 INFO  TC001_AccountRegister:17 - ************Test case started****************
2026-05-03 09:57:23 INFO  TC001_AccountRegister:43 - Test passed
2026-05-03 09:57:23 INFO  Utils:112 - [TestNG] Time taken by org.testng.reporters.SuiteHTMLReporter@453d496b: 18 ms
2026-05-03 09:57:23 INFO  Utils:112 - [TestNG] Time taken by org.testng.reporters.jq.Main@351e414e: 40 ms
2026-05-03 09:57:23 INFO  Utils:112 - [TestNG] Time taken by org.testng.reporters.FailedReporter@6fd77352: 1 ms
2026-05-03 09:57:23 INFO  Utils:112 - [TestNG] Time taken by org.testng.reporters.XMLReporter@48284d0e: 5 ms
2026-05-03 09:57:23 INFO  Utils:112 - [TestNG] Time taken by org.testng.reporters.EmailableReporter2@238acd0b: 4 ms
2026-05-03 09:57:23 INFO  Utils:112 - [TestNG] Time taken by org.testng.reporters.JUnitReportReporter@7a7d1b47: 3 ms
2026-05-03 09:57:23 INFO  Utils:112 - [TestNG] Time taken by org.testng.internal.ExitCodeListener@6eb82908: 0 ms
2026-05-03 09:57:55 INFO  Utils:112 - [Utils] MethodGroupsHelper.collectMethodsByGroup() took 0 ms.
2026-05-03 09:57:55 INFO  Utils:112 - [Utils] MethodGroupsHelper.sortMethods() took 2 ms.
2026-05-03 09:57:55 INFO  Utils:112 - [Utils] MethodGroupsHelper.collectMethodsByGroup() took 0 ms.
2026-05-03 09:57:55 INFO  Utils:112 - [Utils] MethodGroupsHelper.sortMethods() took 0 ms.
2026-05-03 09:57:55 INFO  Utils:112 - [Utils] MethodGroupsHelper.collectMethodsByGroup() took 0 ms.
2026-05-03 09:57:55 INFO  Utils:112 - [Utils] MethodGroupsHelper.sortMethods() took 0 ms.
2026-05-03 09:57:55 INFO  Utils:112 - [Utils] MethodGroupsHelper.collectMethodsByGroup() took 0 ms.
2026-05-03 09:57:55 INFO  Utils:112 - [Utils] MethodGroupsHelper.sortMethods() took 0 ms.
2026-05-03 09:57:55 INFO  Utils:112 - [Utils] MethodGroupsHelper.collectMethodsByGroup() took 3 ms.
2026-05-03 09:57:55 INFO  Utils:112 - [Utils] MethodGroupsHelper.sortMethods() took 5 ms.
2026-05-03 09:57:55 INFO  Utils:112 - [Utils] MethodGroupsHelper.collectMethodsByGroup() took 0 ms.
2026-05-03 09:57:55 INFO  Utils:112 - [Utils] MethodGroupsHelper.sortMethods() took 0 ms.
2026-05-03 09:57:55 INFO  Utils:112 - [Utils] MethodGroupsHelper.collectMethodsByGroup() took 0 ms.
2026-05-03 09:57:55 INFO  Utils:112 - [Utils] MethodGroupsHelper.sortMethods() took 0 ms.
2026-05-03 09:57:55 INFO  Utils:112 - [Utils] MethodGroupsHelper.collectMethodsByGroup() took 0 ms.
2026-05-03 09:57:55 INFO  Utils:112 - [Utils] MethodGroupsHelper.sortMethods() took 0 ms.
2026-05-03 09:57:55 INFO  Utils:112 - [Utils] MethodGroupsHelper.collectMethodsByGroup() took 0 ms.
2026-05-03 09:57:55 INFO  Utils:112 - [Utils] MethodGroupsHelper.sortMethods() took 0 ms.
2026-05-03 09:57:55 INFO  Utils:112 - [Utils] MethodGroupsHelper.collectMethodsByGroup() took 0 ms.
2026-05-03 09:57:55 INFO  Utils:112 - [Utils] MethodGroupsHelper.sortMethods() took 0 ms.
2026-05-03 09:57:55 INFO  Utils:112 - [Utils] MethodGroupsHelper.collectMethodsByGroup() took 0 ms.
2026-05-03 09:57:55 INFO  Utils:112 - [Utils] MethodGroupsHelper.sortMethods() took 0 ms.
2026-05-03 09:57:55 INFO  Utils:112 - [Utils] MethodGroupsHelper.collectMethodsByGroup() took 0 ms.
2026-05-03 09:57:55 INFO  Utils:112 - [Utils] MethodGroupsHelper.sortMethods() took 0 ms.
2026-05-03 09:57:55 INFO  Utils:112 - [Utils] MethodGroupsHelper.collectMethodsByGroup() took 0 ms.
2026-05-03 09:57:55 INFO  Utils:112 - [Utils] MethodGroupsHelper.sortMethods() took 0 ms.
2026-05-03 09:57:55 INFO  Utils:112 - [Utils] MethodGroupsHelper.collectMethodsByGroup() took 0 ms.
2026-05-03 09:57:55 INFO  Utils:112 - [Utils] MethodGroupsHelper.sortMethods() took 0 ms.
2026-05-03 09:57:55 INFO  Utils:112 - [Utils] MethodGroupsHelper.collectMethodsByGroup() took 0 ms.
2026-05-03 09:57:55 INFO  Utils:112 - [Utils] MethodGroupsHelper.sortMethods() took 0 ms.
2026-05-03 09:57:55 INFO  Utils:112 - [TestNG] Running:
  C:\Users\mohan\AppData\Local\Temp\testng-eclipse--606154788\testng-customsuite.xml

2026-05-03 09:57:55 INFO  Utils:112 - [Utils] DynamicGraphHelper.createDynamicGraph() took 3 ms.
2026-05-03 09:58:29 INFO  Utils:112 - [TestNG] Time taken by org.testng.reporters.SuiteHTMLReporter@7e307087: 21 ms
2026-05-03 09:58:29 INFO  Utils:112 - [TestNG] Time taken by org.testng.reporters.jq.Main@6bfaa0a6: 30 ms
2026-05-03 09:58:29 INFO  Utils:112 - [TestNG] Time taken by org.testng.reporters.FailedReporter@76e9f00b: 1 ms
2026-05-03 09:58:29 INFO  Utils:112 - [TestNG] Time taken by org.testng.reporters.XMLReporter@5b9499fe: 6 ms
2026-05-03 09:58:29 INFO  Utils:112 - [TestNG] Time taken by org.testng.reporters.EmailableReporter2@34c70b5e: 4 ms
2026-05-03 09:58:29 INFO  Utils:112 - [TestNG] Time taken by org.testng.reporters.JUnitReportReporter@1756f7cc: 4 ms
2026-05-03 09:58:29 INFO  Utils:112 - [TestNG] Time taken by org.testng.internal.ExitCodeListener@3138953b: 0 ms
2026-05-03 10:04:56 INFO  Utils:112 - [TestNG] Running:
  C:\Users\mohan\eclipse-workspace\AutomationFramework\src\test\java\testCases\testng.xml

2026-05-03 10:06:39 INFO  Utils:112 - [TestNG] Running:
  C:\Users\mohan\eclipse-workspace\AutomationFramework\src\test\java\testCases\testng.xml

2026-05-03 10:06:49 INFO  TC001_AccountRegister:17 - ************Test case started****************
2026-05-03 10:07:13 INFO  Utils:112 - [TestNG] Running:
  C:\Users\mohan\eclipse-workspace\AutomationFramework\testng.xml

2026-05-03 10:07:15 INFO  TC001_AccountRegister:17 - ************Test case started****************
2026-05-03 10:07:17 INFO  TC001_AccountRegister:43 - Test passed
2026-05-03 10:54:11 INFO  Utils:112 - [Utils] MethodGroupsHelper.collectMethodsByGroup() took 0 ms.
2026-05-03 10:54:11 INFO  Utils:112 - [Utils] MethodGroupsHelper.sortMethods() took 2 ms.
2026-05-03 10:54:11 INFO  Utils:112 - [Utils] MethodGroupsHelper.collectMethodsByGroup() took 0 ms.
2026-05-03 10:54:11 INFO  Utils:112 - [Utils] MethodGroupsHelper.sortMethods() took 0 ms.
2026-05-03 10:54:11 INFO  Utils:112 - [Utils] MethodGroupsHelper.collectMethodsByGroup() took 0 ms.
2026-05-03 10:54:11 INFO  Utils:112 - [Utils] MethodGroupsHelper.sortMethods() took 0 ms.
2026-05-03 10:54:11 INFO  Utils:112 - [Utils] MethodGroupsHelper.collectMethodsByGroup() took 0 ms.
2026-05-03 10:54:11 INFO  Utils:112 - [Utils] MethodGroupsHelper.sortMethods() took 0 ms.
2026-05-03 10:54:11 INFO  Utils:112 - [Utils] MethodGroupsHelper.collectMethodsByGroup() took 0 ms.
2026-05-03 10:54:11 INFO  Utils:112 - [Utils] MethodGroupsHelper.sortMethods() took 10 ms.
2026-05-03 10:54:11 INFO  Utils:112 - [Utils] MethodGroupsHelper.collectMethodsByGroup() took 3 ms.
2026-05-03 10:54:11 INFO  Utils:112 - [Utils] MethodGroupsHelper.sortMethods() took 0 ms.
2026-05-03 10:54:11 INFO  Utils:112 - [Utils] MethodGroupsHelper.collectMethodsByGroup() took 0 ms.
2026-05-03 10:54:11 INFO  Utils:112 - [Utils] MethodGroupsHelper.sortMethods() took 0 ms.
2026-05-03 10:54:11 INFO  Utils:112 - [Utils] MethodGroupsHelper.collectMethodsByGroup() took 0 ms.
2026-05-03 10:54:11 INFO  Utils:112 - [Utils] MethodGroupsHelper.sortMethods() took 0 ms.
2026-05-03 10:54:11 INFO  Utils:112 - [Utils] MethodGroupsHelper.collectMethodsByGroup() took 0 ms.
2026-05-03 10:54:11 INFO  Utils:112 - [Utils] MethodGroupsHelper.sortMethods() took 0 ms.
2026-05-03 10:54:11 INFO  Utils:112 - [Utils] MethodGroupsHelper.collectMethodsByGroup() took 0 ms.
2026-05-03 10:54:11 INFO  Utils:112 - [Utils] MethodGroupsHelper.sortMethods() took 0 ms.
2026-05-03 10:54:11 INFO  Utils:112 - [Utils] MethodGroupsHelper.collectMethodsByGroup() took 0 ms.
2026-05-03 10:54:11 INFO  Utils:112 - [Utils] MethodGroupsHelper.sortMethods() took 0 ms.
2026-05-03 10:54:11 INFO  Utils:112 - [Utils] MethodGroupsHelper.collectMethodsByGroup() took 0 ms.
2026-05-03 10:54:11 INFO  Utils:112 - [Utils] MethodGroupsHelper.sortMethods() took 0 ms.
2026-05-03 10:54:11 INFO  Utils:112 - [Utils] MethodGroupsHelper.collectMethodsByGroup() took 0 ms.
2026-05-03 10:54:11 INFO  Utils:112 - [Utils] MethodGroupsHelper.sortMethods() took 0 ms.
2026-05-03 10:54:11 INFO  Utils:112 - [Utils] MethodGroupsHelper.collectMethodsByGroup() took 0 ms.
2026-05-03 10:54:11 INFO  Utils:112 - [Utils] MethodGroupsHelper.sortMethods() took 0 ms.
2026-05-03 10:54:11 INFO  Utils:112 - [Utils] MethodGroupsHelper.collectMethodsByGroup() took 0 ms.
2026-05-03 10:54:11 INFO  Utils:112 - [Utils] MethodGroupsHelper.sortMethods() took 0 ms.
2026-05-03 10:54:11 INFO  Utils:112 - [TestNG] Running:
  C:\Users\mohan\AppData\Local\Temp\testng-eclipse--465922895\testng-customsuite.xml

2026-05-03 10:54:11 INFO  Utils:112 - [Utils] DynamicGraphHelper.createDynamicGraph() took 2 ms.
2026-05-03 10:56:14 INFO  Utils:112 - [Utils] MethodGroupsHelper.collectMethodsByGroup() took 1 ms.
2026-05-03 10:56:14 INFO  Utils:112 - [Utils] MethodGroupsHelper.sortMethods() took 1 ms.
2026-05-03 10:56:14 INFO  Utils:112 - [Utils] MethodGroupsHelper.collectMethodsByGroup() took 0 ms.
2026-05-03 10:56:14 INFO  Utils:112 - [Utils] MethodGroupsHelper.sortMethods() took 0 ms.
2026-05-03 10:56:14 INFO  Utils:112 - [Utils] MethodGroupsHelper.collectMethodsByGroup() took 0 ms.
2026-05-03 10:56:14 INFO  Utils:112 - [Utils] MethodGroupsHelper.sortMethods() took 0 ms.
2026-05-03 10:56:14 INFO  Utils:112 - [Utils] MethodGroupsHelper.collectMethodsByGroup() took 0 ms.
2026-05-03 10:56:14 INFO  Utils:112 - [Utils] MethodGroupsHelper.sortMethods() took 0 ms.
2026-05-03 10:56:14 INFO  Utils:112 - [Utils] MethodGroupsHelper.collectMethodsByGroup() took 0 ms.
2026-05-03 10:56:14 INFO  Utils:112 - [Utils] MethodGroupsHelper.sortMethods() took 7 ms.
2026-05-03 10:56:14 INFO  Utils:112 - [Utils] MethodGroupsHelper.collectMethodsByGroup() took 3 ms.
2026-05-03 10:56:14 INFO  Utils:112 - [Utils] MethodGroupsHelper.sortMethods() took 1 ms.
2026-05-03 10:56:14 INFO  Utils:112 - [Utils] MethodGroupsHelper.collectMethodsByGroup() took 0 ms.
2026-05-03 10:56:14 INFO  Utils:112 - [Utils] MethodGroupsHelper.sortMethods() took 0 ms.
2026-05-03 10:56:14 INFO  Utils:112 - [Utils] MethodGroupsHelper.collectMethodsByGroup() took 0 ms.
2026-05-03 10:56:14 INFO  Utils:112 - [Utils] MethodGroupsHelper.sortMethods() took 0 ms.
2026-05-03 10:56:14 INFO  Utils:112 - [Utils] MethodGroupsHelper.collectMethodsByGroup() took 0 ms.
2026-05-03 10:56:14 INFO  Utils:112 - [Utils] MethodGroupsHelper.sortMethods() took 0 ms.
2026-05-03 10:56:14 INFO  Utils:112 - [Utils] MethodGroupsHelper.collectMethodsByGroup() took 0 ms.
2026-05-03 10:56:14 INFO  Utils:112 - [Utils] MethodGroupsHelper.sortMethods() took 0 ms.
2026-05-03 10:56:14 INFO  Utils:112 - [Utils] MethodGroupsHelper.collectMethodsByGroup() took 0 ms.
2026-05-03 10:56:14 INFO  Utils:112 - [Utils] MethodGroupsHelper.sortMethods() took 0 ms.
2026-05-03 10:56:14 INFO  Utils:112 - [Utils] MethodGroupsHelper.collectMethodsByGroup() took 0 ms.
2026-05-03 10:56:14 INFO  Utils:112 - [Utils] MethodGroupsHelper.sortMethods() took 0 ms.
2026-05-03 10:56:14 INFO  Utils:112 - [Utils] MethodGroupsHelper.collectMethodsByGroup() took 0 ms.
2026-05-03 10:56:14 INFO  Utils:112 - [Utils] MethodGroupsHelper.sortMethods() took 0 ms.
2026-05-03 10:56:14 INFO  Utils:112 - [Utils] MethodGroupsHelper.collectMethodsByGroup() took 0 ms.
2026-05-03 10:56:14 INFO  Utils:112 - [Utils] MethodGroupsHelper.sortMethods() took 0 ms.
2026-05-03 10:56:14 INFO  Utils:112 - [Utils] MethodGroupsHelper.collectMethodsByGroup() took 0 ms.
2026-05-03 10:56:14 INFO  Utils:112 - [Utils] MethodGroupsHelper.sortMethods() took 0 ms.
2026-05-03 10:56:14 INFO  Utils:112 - [TestNG] Running:
  C:\Users\mohan\AppData\Local\Temp\testng-eclipse-2040498361\testng-customsuite.xml

2026-05-03 10:56:14 INFO  Utils:112 - [Utils] DynamicGraphHelper.createDynamicGraph() took 3 ms.
2026-05-03 10:56:23 INFO  Utils:112 - [TestNG] Time taken by org.testng.reporters.SuiteHTMLReporter@11d045b4: 19 ms
2026-05-03 10:56:23 INFO  Utils:112 - [TestNG] Time taken by org.testng.reporters.jq.Main@3f6bf8aa: 42 ms
2026-05-03 10:56:23 INFO  Utils:112 - [TestNG] Time taken by org.testng.reporters.FailedReporter@27a09971: 7 ms
2026-05-03 10:56:23 INFO  Utils:112 - [TestNG] Time taken by org.testng.reporters.XMLReporter@f9cab00: 8 ms
2026-05-03 10:56:23 INFO  Utils:112 - [TestNG] Time taken by org.testng.reporters.EmailableReporter2@1faf386c: 6 ms
2026-05-03 10:56:23 INFO  Utils:112 - [TestNG] Time taken by org.testng.reporters.JUnitReportReporter@e95595b: 5 ms
2026-05-03 10:56:23 INFO  Utils:112 - [TestNG] Time taken by org.testng.internal.ExitCodeListener@5a917723: 0 ms
2026-05-03 11:01:13 INFO  Utils:112 - [Utils] MethodGroupsHelper.collectMethodsByGroup() took 1 ms.
2026-05-03 11:01:13 INFO  Utils:112 - [Utils] MethodGroupsHelper.sortMethods() took 2 ms.
2026-05-03 11:01:13 INFO  Utils:112 - [Utils] MethodGroupsHelper.collectMethodsByGroup() took 0 ms.
2026-05-03 11:01:13 INFO  Utils:112 - [Utils] MethodGroupsHelper.sortMethods() took 0 ms.
2026-05-03 11:01:13 INFO  Utils:112 - [Utils] MethodGroupsHelper.collectMethodsByGroup() took 0 ms.
2026-05-03 11:01:13 INFO  Utils:112 - [Utils] MethodGroupsHelper.sortMethods() took 0 ms.
2026-05-03 11:01:13 INFO  Utils:112 - [Utils] MethodGroupsHelper.collectMethodsByGroup() took 0 ms.
2026-05-03 11:01:13 INFO  Utils:112 - [Utils] MethodGroupsHelper.sortMethods() took 0 ms.
2026-05-03 11:01:13 INFO  Utils:112 - [Utils] MethodGroupsHelper.collectMethodsByGroup() took 0 ms.
2026-05-03 11:01:13 INFO  Utils:112 - [Utils] MethodGroupsHelper.sortMethods() took 6 ms.
2026-05-03 11:01:13 INFO  Utils:112 - [Utils] MethodGroupsHelper.collectMethodsByGroup() took 3 ms.
2026-05-03 11:01:13 INFO  Utils:112 - [Utils] MethodGroupsHelper.sortMethods() took 0 ms.
2026-05-03 11:01:13 INFO  Utils:112 - [Utils] MethodGroupsHelper.collectMethodsByGroup() took 0 ms.
2026-05-03 11:01:13 INFO  Utils:112 - [Utils] MethodGroupsHelper.sortMethods() took 0 ms.
2026-05-03 11:01:13 INFO  Utils:112 - [Utils] MethodGroupsHelper.collectMethodsByGroup() took 0 ms.
2026-05-03 11:01:13 INFO  Utils:112 - [Utils] MethodGroupsHelper.sortMethods() took 0 ms.
2026-05-03 11:01:13 INFO  Utils:112 - [Utils] MethodGroupsHelper.collectMethodsByGroup() took 0 ms.
2026-05-03 11:01:13 INFO  Utils:112 - [Utils] MethodGroupsHelper.sortMethods() took 0 ms.
2026-05-03 11:01:13 INFO  Utils:112 - [Utils] MethodGroupsHelper.collectMethodsByGroup() took 0 ms.
2026-05-03 11:01:13 INFO  Utils:112 - [Utils] MethodGroupsHelper.sortMethods() took 0 ms.
2026-05-03 11:01:13 INFO  Utils:112 - [Utils] MethodGroupsHelper.collectMethodsByGroup() took 0 ms.
2026-05-03 11:01:13 INFO  Utils:112 - [Utils] MethodGroupsHelper.sortMethods() took 0 ms.
2026-05-03 11:01:13 INFO  Utils:112 - [Utils] MethodGroupsHelper.collectMethodsByGroup() took 0 ms.
2026-05-03 11:01:13 INFO  Utils:112 - [Utils] MethodGroupsHelper.sortMethods() took 0 ms.
2026-05-03 11:01:13 INFO  Utils:112 - [Utils] MethodGroupsHelper.collectMethodsByGroup() took 0 ms.
2026-05-03 11:01:13 INFO  Utils:112 - [Utils] MethodGroupsHelper.sortMethods() took 0 ms.
2026-05-03 11:01:13 INFO  Utils:112 - [Utils] MethodGroupsHelper.collectMethodsByGroup() took 0 ms.
2026-05-03 11:01:13 INFO  Utils:112 - [Utils] MethodGroupsHelper.sortMethods() took 0 ms.
2026-05-03 11:01:13 INFO  Utils:112 - [Utils] MethodGroupsHelper.collectMethodsByGroup() took 0 ms.
2026-05-03 11:01:13 INFO  Utils:112 - [Utils] MethodGroupsHelper.sortMethods() took 0 ms.
2026-05-03 11:01:13 INFO  Utils:112 - [TestNG] Running:
  C:\Users\mohan\AppData\Local\Temp\testng-eclipse-1172715569\testng-customsuite.xml

2026-05-03 11:01:13 INFO  Utils:112 - [Utils] DynamicGraphHelper.createDynamicGraph() took 2 ms.
2026-05-03 11:01:19 INFO  Utils:112 - [TestNG] Time taken by org.testng.reporters.SuiteHTMLReporter@95eb320: 24 ms
2026-05-03 11:01:19 INFO  Utils:112 - [TestNG] Time taken by org.testng.reporters.jq.Main@6cd64b3f: 58 ms
2026-05-03 11:01:19 INFO  Utils:112 - [TestNG] Time taken by org.testng.reporters.FailedReporter@1a8df0b3: 20 ms
2026-05-03 11:01:19 INFO  Utils:112 - [TestNG] Time taken by org.testng.reporters.XMLReporter@36c281ed: 9 ms
2026-05-03 11:01:19 INFO  Utils:112 - [TestNG] Time taken by org.testng.reporters.EmailableReporter2@3c50ad4b: 17 ms
2026-05-03 11:01:19 INFO  Utils:112 - [TestNG] Time taken by org.testng.reporters.JUnitReportReporter@1a0c5e9: 12 ms
2026-05-03 11:01:19 INFO  Utils:112 - [TestNG] Time taken by org.testng.internal.ExitCodeListener@123d7057: 0 ms
2026-05-03 11:02:49 INFO  Utils:112 - [Utils] MethodGroupsHelper.collectMethodsByGroup() took 0 ms.
2026-05-03 11:02:49 INFO  Utils:112 - [Utils] MethodGroupsHelper.sortMethods() took 0 ms.
2026-05-03 11:02:49 INFO  Utils:112 - [Utils] MethodGroupsHelper.collectMethodsByGroup() took 0 ms.
2026-05-03 11:02:49 INFO  Utils:112 - [Utils] MethodGroupsHelper.sortMethods() took 0 ms.
2026-05-03 11:02:49 INFO  Utils:112 - [Utils] MethodGroupsHelper.collectMethodsByGroup() took 0 ms.
2026-05-03 11:02:49 INFO  Utils:112 - [Utils] MethodGroupsHelper.sortMethods() took 0 ms.
2026-05-03 11:02:49 INFO  Utils:112 - [Utils] MethodGroupsHelper.collectMethodsByGroup() took 0 ms.
2026-05-03 11:02:49 INFO  Utils:112 - [Utils] MethodGroupsHelper.sortMethods() took 0 ms.
2026-05-03 11:02:49 INFO  Utils:112 - [Utils] MethodGroupsHelper.collectMethodsByGroup() took 0 ms.
2026-05-03 11:02:49 INFO  Utils:112 - [Utils] MethodGroupsHelper.sortMethods() took 6 ms.
2026-05-03 11:02:49 INFO  Utils:112 - [Utils] MethodGroupsHelper.collectMethodsByGroup() took 4 ms.
2026-05-03 11:02:49 INFO  Utils:112 - [Utils] MethodGroupsHelper.sortMethods() took 0 ms.
2026-05-03 11:02:49 INFO  Utils:112 - [Utils] MethodGroupsHelper.collectMethodsByGroup() took 0 ms.
2026-05-03 11:02:49 INFO  Utils:112 - [Utils] MethodGroupsHelper.sortMethods() took 0 ms.
2026-05-03 11:02:49 INFO  Utils:112 - [Utils] MethodGroupsHelper.collectMethodsByGroup() took 0 ms.
2026-05-03 11:02:49 INFO  Utils:112 - [Utils] MethodGroupsHelper.sortMethods() took 0 ms.
2026-05-03 11:02:49 INFO  Utils:112 - [Utils] MethodGroupsHelper.collectMethodsByGroup() took 0 ms.
2026-05-03 11:02:49 INFO  Utils:112 - [Utils] MethodGroupsHelper.sortMethods() took 0 ms.
2026-05-03 11:02:49 INFO  Utils:112 - [Utils] MethodGroupsHelper.collectMethodsByGroup() took 0 ms.
2026-05-03 11:02:49 INFO  Utils:112 - [Utils] MethodGroupsHelper.sortMethods() took 0 ms.
2026-05-03 11:02:49 INFO  Utils:112 - [Utils] MethodGroupsHelper.collectMethodsByGroup() took 0 ms.
2026-05-03 11:02:49 INFO  Utils:112 - [Utils] MethodGroupsHelper.sortMethods() took 0 ms.
2026-05-03 11:02:49 INFO  Utils:112 - [Utils] MethodGroupsHelper.collectMethodsByGroup() took 0 ms.
2026-05-03 11:02:49 INFO  Utils:112 - [Utils] MethodGroupsHelper.sortMethods() took 0 ms.
2026-05-03 11:02:49 INFO  Utils:112 - [Utils] MethodGroupsHelper.collectMethodsByGroup() took 0 ms.
2026-05-03 11:02:49 INFO  Utils:112 - [Utils] MethodGroupsHelper.sortMethods() took 1 ms.
2026-05-03 11:02:49 INFO  Utils:112 - [Utils] MethodGroupsHelper.collectMethodsByGroup() took 0 ms.
2026-05-03 11:02:49 INFO  Utils:112 - [Utils] MethodGroupsHelper.sortMethods() took 0 ms.
2026-05-03 11:02:49 INFO  Utils:112 - [Utils] MethodGroupsHelper.collectMethodsByGroup() took 0 ms.
2026-05-03 11:02:49 INFO  Utils:112 - [Utils] MethodGroupsHelper.sortMethods() took 0 ms.
2026-05-03 11:02:49 INFO  Utils:112 - [TestNG] Running:
  C:\Users\mohan\AppData\Local\Temp\testng-eclipse--988648866\testng-customsuite.xml

2026-05-03 11:02:49 INFO  Utils:112 - [Utils] DynamicGraphHelper.createDynamicGraph() took 3 ms.
2026-05-03 11:02:55 INFO  Utils:112 - [TestNG] Time taken by org.testng.reporters.SuiteHTMLReporter@95eb320: 27 ms
2026-05-03 11:02:55 INFO  Utils:112 - [TestNG] Time taken by org.testng.reporters.jq.Main@6cd64b3f: 100 ms
2026-05-03 11:02:55 INFO  Utils:112 - [TestNG] Time taken by org.testng.reporters.FailedReporter@1a8df0b3: 15 ms
2026-05-03 11:02:55 INFO  Utils:112 - [TestNG] Time taken by org.testng.reporters.XMLReporter@36c281ed: 13 ms
2026-05-03 11:02:55 INFO  Utils:112 - [TestNG] Time taken by org.testng.reporters.EmailableReporter2@3c50ad4b: 7 ms
2026-05-03 11:02:55 INFO  Utils:112 - [TestNG] Time taken by org.testng.reporters.JUnitReportReporter@1a0c5e9: 23 ms
2026-05-03 11:02:55 INFO  Utils:112 - [TestNG] Time taken by org.testng.internal.ExitCodeListener@123d7057: 0 ms
2026-05-03 11:05:48 INFO  Utils:112 - [TestNG] Running:
  C:\Users\mohan\eclipse-workspace\AutomationFramework\testng.xml

2026-05-03 11:05:51 INFO  TC001_AccountRegister:17 - ************Test case started****************
2026-05-03 11:05:54 INFO  TC001_AccountRegister:43 - Test passed
2026-05-03 12:21:23 INFO  Utils:112 - [Utils] MethodGroupsHelper.collectMethodsByGroup() took 0 ms.
2026-05-03 12:21:23 INFO  Utils:112 - [Utils] MethodGroupsHelper.sortMethods() took 2 ms.
2026-05-03 12:21:23 INFO  Utils:112 - [Utils] MethodGroupsHelper.collectMethodsByGroup() took 0 ms.
2026-05-03 12:21:23 INFO  Utils:112 - [Utils] MethodGroupsHelper.sortMethods() took 0 ms.
2026-05-03 12:21:23 INFO  Utils:112 - [Utils] MethodGroupsHelper.collectMethodsByGroup() took 0 ms.
2026-05-03 12:21:23 INFO  Utils:112 - [Utils] MethodGroupsHelper.sortMethods() took 0 ms.
2026-05-03 12:21:23 INFO  Utils:112 - [Utils] MethodGroupsHelper.collectMethodsByGroup() took 0 ms.
2026-05-03 12:21:23 INFO  Utils:112 - [Utils] MethodGroupsHelper.sortMethods() took 0 ms.
2026-05-03 12:21:23 INFO  Utils:112 - [Utils] MethodGroupsHelper.collectMethodsByGroup() took 0 ms.
2026-05-03 12:21:23 INFO  Utils:112 - [Utils] MethodGroupsHelper.sortMethods() took 5 ms.
2026-05-03 12:21:23 INFO  Utils:112 - [Utils] MethodGroupsHelper.collectMethodsByGroup() took 2 ms.
2026-05-03 12:21:23 INFO  Utils:112 - [Utils] MethodGroupsHelper.sortMethods() took 0 ms.
2026-05-03 12:21:23 INFO  Utils:112 - [Utils] MethodGroupsHelper.collectMethodsByGroup() took 0 ms.
2026-05-03 12:21:23 INFO  Utils:112 - [Utils] MethodGroupsHelper.sortMethods() took 0 ms.
2026-05-03 12:21:23 INFO  Utils:112 - [Utils] MethodGroupsHelper.collectMethodsByGroup() took 0 ms.
2026-05-03 12:21:23 INFO  Utils:112 - [Utils] MethodGroupsHelper.sortMethods() took 0 ms.
2026-05-03 12:21:23 INFO  Utils:112 - [Utils] MethodGroupsHelper.collectMethodsByGroup() took 0 ms.
2026-05-03 12:21:23 INFO  Utils:112 - [Utils] MethodGroupsHelper.sortMethods() took 0 ms.
2026-05-03 12:21:23 INFO  Utils:112 - [Utils] MethodGroupsHelper.collectMethodsByGroup() took 0 ms.
2026-05-03 12:21:23 INFO  Utils:112 - [Utils] MethodGroupsHelper.sortMethods() took 0 ms.
2026-05-03 12:21:23 INFO  Utils:112 - [Utils] MethodGroupsHelper.collectMethodsByGroup() took 0 ms.
2026-05-03 12:21:23 INFO  Utils:112 - [Utils] MethodGroupsHelper.sortMethods() took 0 ms.
2026-05-03 12:21:23 INFO  Utils:112 - [Utils] MethodGroupsHelper.collectMethodsByGroup() took 0 ms.
2026-05-03 12:21:23 INFO  Utils:112 - [Utils] MethodGroupsHelper.sortMethods() took 0 ms.
2026-05-03 12:21:23 INFO  Utils:112 - [Utils] MethodGroupsHelper.collectMethodsByGroup() took 0 ms.
2026-05-03 12:21:23 INFO  Utils:112 - [Utils] MethodGroupsHelper.sortMethods() took 1 ms.
2026-05-03 12:21:23 INFO  Utils:112 - [Utils] MethodGroupsHelper.collectMethodsByGroup() took 0 ms.
2026-05-03 12:21:23 INFO  Utils:112 - [Utils] MethodGroupsHelper.sortMethods() took 0 ms.
2026-05-03 12:21:23 INFO  Utils:112 - [Utils] MethodGroupsHelper.collectMethodsByGroup() took 0 ms.
2026-05-03 12:21:23 INFO  Utils:112 - [Utils] MethodGroupsHelper.sortMethods() took 0 ms.
2026-05-03 12:21:23 INFO  Utils:112 - [TestNG] Running:
  C:\Users\mohan\AppData\Local\Temp\testng-eclipse--370816062\testng-customsuite.xml

2026-05-03 12:21:24 INFO  Utils:112 - [Utils] DynamicGraphHelper.createDynamicGraph() took 2 ms.
2026-05-03 12:21:31 INFO  Utils:112 - [TestNG] Time taken by org.testng.reporters.SuiteHTMLReporter@fe7b6b0: 24 ms
2026-05-03 12:21:32 INFO  Utils:112 - [TestNG] Time taken by org.testng.reporters.jq.Main@42fb8c87: 67 ms
2026-05-03 12:21:32 INFO  Utils:112 - [TestNG] Time taken by org.testng.reporters.FailedReporter@18f55704: 10 ms
2026-05-03 12:21:32 INFO  Utils:112 - [TestNG] Time taken by org.testng.reporters.XMLReporter@7c72ecc: 16 ms
2026-05-03 12:21:32 INFO  Utils:112 - [TestNG] Time taken by org.testng.reporters.EmailableReporter2@672a1c62: 18 ms
2026-05-03 12:21:32 INFO  Utils:112 - [TestNG] Time taken by org.testng.reporters.JUnitReportReporter@4779aae6: 5 ms
2026-05-03 12:21:32 INFO  Utils:112 - [TestNG] Time taken by org.testng.internal.ExitCodeListener@2cd62003: 0 ms
2026-05-03 12:24:04 INFO  Utils:112 - [Utils] MethodGroupsHelper.collectMethodsByGroup() took 0 ms.
2026-05-03 12:24:04 INFO  Utils:112 - [Utils] MethodGroupsHelper.sortMethods() took 1 ms.
2026-05-03 12:24:04 INFO  Utils:112 - [Utils] MethodGroupsHelper.collectMethodsByGroup() took 0 ms.
2026-05-03 12:24:04 INFO  Utils:112 - [Utils] MethodGroupsHelper.sortMethods() took 0 ms.
2026-05-03 12:24:04 INFO  Utils:112 - [Utils] MethodGroupsHelper.collectMethodsByGroup() took 0 ms.
2026-05-03 12:24:04 INFO  Utils:112 - [Utils] MethodGroupsHelper.sortMethods() took 0 ms.
2026-05-03 12:24:04 INFO  Utils:112 - [Utils] MethodGroupsHelper.collectMethodsByGroup() took 0 ms.
2026-05-03 12:24:04 INFO  Utils:112 - [Utils] MethodGroupsHelper.sortMethods() took 0 ms.
2026-05-03 12:24:04 INFO  Utils:112 - [Utils] MethodGroupsHelper.collectMethodsByGroup() took 0 ms.
2026-05-03 12:24:04 INFO  Utils:112 - [Utils] MethodGroupsHelper.sortMethods() took 5 ms.
2026-05-03 12:24:04 INFO  Utils:112 - [Utils] MethodGroupsHelper.collectMethodsByGroup() took 2 ms.
2026-05-03 12:24:04 INFO  Utils:112 - [Utils] MethodGroupsHelper.sortMethods() took 0 ms.
2026-05-03 12:24:04 INFO  Utils:112 - [Utils] MethodGroupsHelper.collectMethodsByGroup() took 0 ms.
2026-05-03 12:24:04 INFO  Utils:112 - [Utils] MethodGroupsHelper.sortMethods() took 0 ms.
2026-05-03 12:24:04 INFO  Utils:112 - [Utils] MethodGroupsHelper.collectMethodsByGroup() took 0 ms.
2026-05-03 12:24:04 INFO  Utils:112 - [Utils] MethodGroupsHelper.sortMethods() took 0 ms.
2026-05-03 12:24:04 INFO  Utils:112 - [Utils] MethodGroupsHelper.collectMethodsByGroup() took 0 ms.
2026-05-03 12:24:04 INFO  Utils:112 - [Utils] MethodGroupsHelper.sortMethods() took 0 ms.
2026-05-03 12:24:04 INFO  Utils:112 - [Utils] MethodGroupsHelper.collectMethodsByGroup() took 0 ms.
2026-05-03 12:24:04 INFO  Utils:112 - [Utils] MethodGroupsHelper.sortMethods() took 0 ms.
2026-05-03 12:24:04 INFO  Utils:112 - [Utils] MethodGroupsHelper.collectMethodsByGroup() took 0 ms.
2026-05-03 12:24:04 INFO  Utils:112 - [Utils] MethodGroupsHelper.sortMethods() took 0 ms.
2026-05-03 12:24:04 INFO  Utils:112 - [Utils] MethodGroupsHelper.collectMethodsByGroup() took 0 ms.
2026-05-03 12:24:04 INFO  Utils:112 - [Utils] MethodGroupsHelper.sortMethods() took 0 ms.
2026-05-03 12:24:04 INFO  Utils:112 - [Utils] MethodGroupsHelper.collectMethodsByGroup() took 0 ms.
2026-05-03 12:24:04 INFO  Utils:112 - [Utils] MethodGroupsHelper.sortMethods() took 1 ms.
2026-05-03 12:24:04 INFO  Utils:112 - [Utils] MethodGroupsHelper.collectMethodsByGroup() took 0 ms.
2026-05-03 12:24:04 INFO  Utils:112 - [Utils] MethodGroupsHelper.sortMethods() took 0 ms.
2026-05-03 12:24:04 INFO  Utils:112 - [Utils] MethodGroupsHelper.collectMethodsByGroup() took 0 ms.
2026-05-03 12:24:04 INFO  Utils:112 - [Utils] MethodGroupsHelper.sortMethods() took 0 ms.
2026-05-03 12:24:04 INFO  Utils:112 - [TestNG] Running:
  C:\Users\mohan\AppData\Local\Temp\testng-eclipse--1644137351\testng-customsuite.xml

2026-05-03 12:24:04 INFO  Utils:112 - [Utils] DynamicGraphHelper.createDynamicGraph() took 3 ms.
2026-05-03 12:24:08 INFO  Utils:112 - [TestNG] Time taken by org.testng.reporters.SuiteHTMLReporter@404db674: 23 ms
2026-05-03 12:24:08 INFO  Utils:112 - [TestNG] Time taken by org.testng.reporters.jq.Main@630b6190: 52 ms
2026-05-03 12:24:08 INFO  Utils:112 - [TestNG] Time taken by org.testng.reporters.FailedReporter@532e27ab: 1 ms
2026-05-03 12:24:08 INFO  Utils:112 - [TestNG] Time taken by org.testng.reporters.XMLReporter@4317850d: 7 ms
2026-05-03 12:24:08 INFO  Utils:112 - [TestNG] Time taken by org.testng.reporters.EmailableReporter2@869d87c: 6 ms
2026-05-03 12:24:08 INFO  Utils:112 - [TestNG] Time taken by org.testng.reporters.JUnitReportReporter@4b76aa5a: 5 ms
2026-05-03 12:24:08 INFO  Utils:112 - [TestNG] Time taken by org.testng.internal.ExitCodeListener@63a28987: 0 ms
2026-05-03 12:59:38 INFO  Utils:112 - [TestNG] Running:
  C:\Users\mohan\eclipse-workspace\AutomationFramework\testng.xml

2026-05-03 13:01:18 INFO  Utils:112 - [TestNG] Running:
  C:\Users\mohan\eclipse-workspace\AutomationFramework\testng.xml

2026-05-03 13:03:40 INFO  Utils:112 - [TestNG] Running:
  C:\Users\mohan\eclipse-workspace\AutomationFramework\testng.xml

2026-05-03 13:04:47 INFO  Utils:112 - [TestNG] Running:
  C:\Users\mohan\eclipse-workspace\AutomationFramework\testng.xml

2026-05-03 13:06:13 INFO  Utils:112 - [TestNG] Running:
  C:\Users\mohan\eclipse-workspace\AutomationFramework\testng.xml

2026-05-03 13:06:54 INFO  TestHTMLReporter:112 - [TestHTMLReporter] C:\Users\mohan\eclipse-workspace\AutomationFramework\test-output\Suite\Test.html (Access is denied)
2026-05-03 13:09:17 INFO  Utils:112 - [TestNG] Running:
  C:\Users\mohan\eclipse-workspace\AutomationFramework\testng.xml

2026-05-03 13:14:29 INFO  Utils:112 - [TestNG] Running:
  C:\Users\mohan\eclipse-workspace\AutomationFramework\testng.xml

2026-05-03 13:15:24 INFO  Utils:112 - [TestNG] Running:
  C:\Users\mohan\eclipse-workspace\AutomationFramework\testng.xml

2026-05-03 13:15:28 INFO  TC001_AccountRegister:17 - ************Test case started****************
2026-05-03 13:15:31 INFO  TC001_AccountRegister:43 - Test passed
2026-05-03 15:39:42 INFO  Utils:112 - [TestNG] Running:
  C:\Users\mohan\eclipse-workspace\AutomationFramework\testng.xml

2026-05-03 15:39:48 INFO  TC001_AccountRegister:17 - ************Test case started****************
2026-05-03 15:39:51 INFO  TC001_AccountRegister:43 - Test passed
2026-05-03 15:40:17 INFO  Utils:112 - [TestNG] Running:
  C:\Users\mohan\eclipse-workspace\AutomationFramework\testng.xml

2026-05-03 15:40:22 INFO  TC001_AccountRegister:17 - ************Test case started****************
2026-05-03 15:40:28 INFO  TC001_AccountRegister:43 - Test passed
2026-05-03 15:43:56 INFO  Utils:112 - [TestNG] Running:
  C:\Users\mohan\eclipse-workspace\AutomationFramework\testng.xml

2026-05-03 15:46:48 INFO  Utils:112 - [TestNG] Running:
  C:\Users\mohan\eclipse-workspace\AutomationFramework\testng.xml

2026-05-03 15:46:54 INFO  TC001_AccountRegister:17 - ************Test case started****************
2026-05-03 15:46:56 INFO  TC001_AccountRegister:43 - Test passed
2026-05-03 15:51:06 INFO  Utils:112 - [TestNG] Running:
  C:\Users\mohan\eclipse-workspace\AutomationFramework\testng.xml

2026-05-03 15:51:08 INFO  TC001_AccountRegister:17 - ************Test case started****************
2026-05-03 15:51:20 INFO  TC001_AccountRegister:17 - ************Test case started****************
2026-05-03 15:51:23 INFO  TC001_AccountRegister:43 - Test passed
2026-05-03 16:00:01 INFO  Utils:112 - [TestNG] Running:
  C:\Users\mohan\eclipse-workspace\AutomationFramework\testng.xml

2026-05-03 16:00:08 INFO  TC001_AccountRegister:21 - ************Test case started****************
2026-05-03 16:00:11 INFO  TC001_AccountRegister:21 - ************Test case started****************
2026-05-03 16:00:15 INFO  TC001_AccountRegister:48 - Test passed
2026-05-03 16:01:20 INFO  Utils:112 - [TestNG] Running:
  C:\Users\mohan\eclipse-workspace\AutomationFramework\testng.xml

2026-05-03 16:01:27 INFO  TC001_AccountRegister:21 - ************Test case started****************
2026-05-03 16:01:30 INFO  TC001_AccountRegister:48 - Test passed
2026-05-03 16:01:31 INFO  TC001_AccountRegister:21 - ************Test case started****************
2026-05-03 16:01:33 INFO  TC001_AccountRegister:48 - Test passed
2026-05-03 16:19:14 INFO  Utils:112 - [TestNG] Running:
  C:\Users\mohan\eclipse-workspace\AutomationFramework\testng.xml

2026-05-03 16:19:20 INFO  TC001_AccountRegister:21 - ************Test case started****************
2026-05-03 16:19:23 INFO  TC001_AccountRegister:48 - Test passed
2026-05-03 16:19:37 INFO  TC001_AccountRegister:21 - ************Test case started****************
2026-05-03 16:19:40 INFO  TC001_AccountRegister:48 - Test passed
2026-05-03 16:19:54 INFO  Utils:112 - [TestNG] Running:
  C:\Users\mohan\eclipse-workspace\AutomationFramework\testng.xml

2026-05-03 16:19:59 INFO  TC001_AccountRegister:21 - ************Test case started****************
2026-05-03 16:20:08 INFO  TC001_AccountRegister:48 - Test passed
2026-05-03 16:23:42 INFO  Utils:112 - [TestNG] Running:
  C:\Users\mohan\eclipse-workspace\AutomationFramework\testng.xml

2026-05-03 16:23:44 INFO  TC001_AccountRegister:21 - ************Test case started****************
2026-05-03 16:23:47 INFO  TC001_AccountRegister:48 - Test passed
2026-05-03 16:23:56 INFO  TC001_AccountRegister:21 - ************Test case started****************
2026-05-03 16:23:59 INFO  TC001_AccountRegister:48 - Test passed
2026-05-03 16:25:24 INFO  Utils:112 - [TestNG] Running:
  C:\Users\mohan\eclipse-workspace\AutomationFramework\testng.xml

2026-05-03 16:25:42 INFO  Utils:112 - [TestNG] Running:
  C:\Users\mohan\eclipse-workspace\AutomationFramework\testng.xml

2026-05-03 16:25:45 INFO  TC001_AccountRegister:21 - ************Test case started****************
2026-05-03 16:25:47 INFO  TC001_AccountRegister:21 - ************Test case started****************
2026-05-03 16:25:48 INFO  TC001_AccountRegister:48 - Test passed
2026-05-03 16:26:05 INFO  Utils:112 - [TestNG] Running:
  C:\Users\mohan\eclipse-workspace\AutomationFramework\testng.xml

2026-05-03 16:26:09 INFO  TC001_AccountRegister:21 - ************Test case started****************
2026-05-03 16:26:12 INFO  TC001_AccountRegister:48 - Test passed
2026-05-03 17:10:15 INFO  Utils:112 - [TestNG] Running:
  C:\Users\mohan\eclipse-workspace\AutomationFramework\testng.xml

2026-05-03 17:10:19 INFO  TC001_AccountRegister:21 - ************Test case started****************
2026-05-03 17:10:24 INFO  TC001_AccountRegister:48 - Test passed
2026-05-03 17:10:34 INFO  TC001_AccountRegister:21 - ************Test case started****************
2026-05-03 17:10:38 INFO  TC001_AccountRegister:48 - Test passed
2026-05-03 17:15:40 INFO  TC001_AccountRegister:21 - ************Test case started****************
2026-05-03 17:15:43 INFO  TC001_AccountRegister:48 - Test passed
2026-05-03 17:15:54 INFO  TC001_AccountRegister:21 - ************Test case started****************
2026-05-03 17:15:58 INFO  TC001_AccountRegister:48 - Test passed
2026-05-03 17:17:14 INFO  TC001_AccountRegister:21 - ************Test case started****************
2026-05-03 17:17:17 INFO  TC001_AccountRegister:48 - Test passed
2026-05-03 17:17:26 INFO  TC001_AccountRegister:21 - ************Test case started****************
2026-05-03 17:17:29 INFO  TC001_AccountRegister:48 - Test passed
2026-05-03 17:19:41 INFO  TC001_AccountRegister:21 - ************Test case started****************
2026-05-03 17:19:44 INFO  TC001_AccountRegister:48 - Test passed
2026-05-03 17:19:55 INFO  TC001_AccountRegister:21 - ************Test case started****************
2026-05-03 17:19:57 INFO  TC001_AccountRegister:48 - Test passed
2026-05-03 17:32:43 INFO  TC001_AccountRegister:21 - ************Test case started****************
2026-05-03 17:32:46 INFO  TC001_AccountRegister:48 - Test passed
2026-05-03 17:32:59 INFO  TC001_AccountRegister:21 - ************Test case started****************
2026-05-03 17:33:01 INFO  TC001_AccountRegister:48 - Test passed
